fid,nome,geometriaaproximada,geocodigo,anodereferencia,utmepsg
1,Boa Esperança do Norte,Não,"5101837",,31981
2,Novo Progresso,Não,"1505031",,31981
3,Balneário Rincão,Não,"4220000",,31982
4,Janduís,Não,"2405207",,31984
5,Alto Taquari,Não,"5100607",,31982
6,Novo Santo Antônio,Não,"5106315",,31982
7,Tesouro,Não,"5108105",,31982
8,Serranópolis de Minas,Não,"3166956",,31983
9,Satuba,Não,"2708907",,31985
10,Caiana,Não,"3110103",,31984
11,Varre-Sai,Não,"3306156",,31984
12,Pedro Velho,Não,"2409803",,31985
13,Sobrália,Não,"3167707",,31983
14,Soledade de Minas,Não,"3167806",,31983
15,Taiobeiras,Não,"3168002",,31983
16,Carangola,Não,"3113305",,31983
17,Vigia,Não,"1508209",,31982
18,Serra Nova Dourada,Não,"5107883",,31982
19,Alecrim,Não,"4300307",,31981
20,Santa Margarida do Sul,Não,"4316972",,31981
21,Caldas,Não,"3110301",,31983
22,Rorainópolis,Não,"1400472",,31980
23,Amajari,Não,"1400027",,31974
24,Caibi,Não,"4203105",,31982
25,Camacho,Não,"3110400",,31983
26,Santa Cruz da Esperança,Não,"3546256",,31983
27,Ibirapuã,Não,"2912806",,31984
28,Durandé,Não,"3123528",,31984
29,São José dos Ausentes,Não,"4318622",,31982
30,Charrua,Não,"4305371",,31982
31,Jaquirana,Não,"4311122",,31982
32,Quatro Irmãos,Não,"4315313",,31982
33,Agudos do Sul,Não,"4100301",,31982
34,Cruzaltense,Não,"4306130",,31982
35,Paraná,Não,"2408607",,31984
36,Paulo Bento,Não,"4314134",,31982
37,Pinhal da Serra,Não,"4314464",,31982
38,Santa Cecília do Sul,Não,"4316733",,31982
39,Barra de Santa Rosa,Não,"2501609",,31984
40,Júlio Borges,Não,"2205524",,31983
41,Morro Cabeça no Tempo,Não,"2206654",,31983
42,Currais Novos,Não,"2403103",,31984
43,Fervedouro,Não,"3125952",,31983
44,Formoso,Não,"3126208",,31983
45,Pinheiro Machado,Não,"4314506",,31982
46,Florânia,Não,"2403806",,31984
47,Angelândia,Não,"3102852",,31983
48,Capelinha,Não,"3112307",,31983
49,Coroaci,Não,"3119203",,31983
50,Santo Antônio,Não,"2411502",,31985
51,Córrego Fundo,Não,"3119955",,31983
52,Engenheiro Caldas,Não,"3123700",,31983
53,Iaras,Não,"3519253",,31982
54,Rondolândia,Não,"5107578",,31980
55,Linha Nova,Não,"4311643",,31982
56,Irará,Não,"2914505",,31984
57,Ichu,Não,"2913309",,31984
58,Barroso,Não,"3105905",,31983
59,Britânia,Não,"5203807",,31982
60,Santa Terezinha,Não,"2928505",,31984
61,Ruy Barbosa,Não,"2411106",,31985
62,Várzea da Roça,Não,"2933059",,31984
63,Abel Figueiredo,Não,"1500131",,31982
64,Água Azul do Norte,Não,"1500347",,31982
65,Capanema,Não,"1502202",,31983
66,Eldorado do Carajás,Não,"1502954",,31982
67,Floresta do Araguaia,Não,"1503044",,31982
68,Terra Nova,Não,"2931707",,31984
69,Uru,Não,"3555901",,31982
70,Baixa Grande do Ribeiro,Não,"2201150",,31983
71,Cachoeira Dourada,Não,"3109808",,31982
72,Arraial,Não,"2201002",,31983
73,Santa Maria,Não,"2409332",,31985
74,Antônio Almeida,Não,"2200806",,31983
75,Agricolândia,Não,"2200103",,31983
76,Barras,Não,"2201200",,31983
77,São Paulo do Potengi,Não,"2412609",,31985
78,São Bento do Sapucaí,Não,"3548609",,31983
79,Ourilândia do Norte,Não,"1505437",,31982
80,Nossa Senhora de Nazaré,Não,"2206753",,31983
81,São Lourenço do Piauí,Não,"2210359",,31983
82,Pavussu,Não,"2207850",,31983
83,Brazópolis,Não,"3108909",,31983
84,Cabo Verde,Não,"3109501",,31983
85,Cachoeira de Minas,Não,"3109709",,31983
86,Amarante,Não,"2200509",,31983
87,Porto,Não,"2208502",,31983
88,Alto Longá,Não,"2200301",,31983
89,Barra D'Alcântara,Não,"2201176",,31983
90,Altos,Não,"2200400",,31983
91,Alvorada do Gurguéia,Não,"2200459",,31983
92,Espírito Santo,Não,"2403509",,31985
93,Senador Elói de Souza,Não,"2413102",,31985
94,Avelino Lopes,Não,"2201101",,31983
95,Francisco Ayres,Não,"2204105",,31983
96,Lagoinha do Piauí,Não,"2205540",,31983
97,Couto de Magalhães de Minas,Não,"3120102",,31983
98,Serra Caiada,Não,"2410306",,31985
99,Sítio Novo,Não,"2413706",,31985
100,Cantagalo,Não,"3112059",,31983
101,Pingo-d'Água,Não,"3150539",,31983
102,Açucena,Não,"3100500",,31983
103,Águas Formosas,Não,"3100906",,31984
104,Beneditinos,Não,"2201606",,31983
105,Bertolínia,Não,"2201705",,31983
106,Pitangui,Não,"3151404",,31983
107,Albertina,Não,"3101409",,31983
108,Camanducaia,Não,"3110509",,31983
109,Arceburgo,Não,"3104106",,31983
110,Alvarenga,Não,"3102209",,31984
111,Andradas,Não,"3102605",,31983
112,Arcos,Não,"3104205",,31983
113,Água Santa,Não,"4300059",,31982
114,Ajuricaba,Não,"4300208",,31982
115,Chiador,Não,"3116209",,31983
116,Carlos Chagas,Não,"3113701",,31984
117,Coronel Fabriciano,Não,"3119401",,31983
118,Fronteira,Não,"3127008",,31982
119,Guaraciaba,Não,"3128204",,31983
120,Itamonte,Não,"3133006",,31983
121,Ametista do Sul,Não,"4300646",,31982
122,André da Rocha,Não,"4300661",,31982
123,Planura,Não,"3151602",,31982
124,Cambuí,Não,"3110608",,31983
125,Cana Verde,Não,"3111903",,31983
126,Castro,Não,"4104907",,31982
127,Sombrio,Não,"4217709",,31982
128,Jacinto Machado,Não,"4208708",,31982
129,Morro Grande,Não,"4211256",,31982
130,Confresa,Não,"5103353",,31982
131,Araçagi,Não,"2500809",,31985
132,Canabrava do Norte,Não,"5102694",,31982
133,Manicoré,Não,"1302702",,31980
134,Japurá,Não,"1302108",,31979
135,Buriti do Tocantins,Não,"1703800",,31982
136,Bananeiras,Não,"2501500",,31985
137,Colméia,Não,"1716703",,31982
138,Dois Irmãos do Tocantins,Não,"1707207",,31982
139,Barrolândia,Não,"1703107",,31982
140,Cuité de Mamanguape,Não,"2505238",,31985
141,Nova Cruz,Não,"2408300",,31985
142,Abreulândia,Não,"1700251",,31982
143,Divinópolis do Tocantins,Não,"1707108",,31982
144,Ponte Alta do Bom Jesus,Não,"1717800",,31983
145,Porto Alegre do Tocantins,Não,"1718006",,31983
146,Ponte Alta do Tocantins,Não,"1717909",,31983
147,Pindorama do Tocantins,Não,"1717008",,31983
148,Presidente Kennedy,Não,"1718402",,31982
149,Pequizeiro,Não,"1716653",,31982
150,Canguaretama,Não,"2402204",,31985
151,Passa e Fica,Não,"2409100",,31985
152,Cariri do Tocantins,Não,"1703867",,31982
153,Araguaçu,Não,"1702000",,31982
154,Natuba,Não,"2509909",,31985
155,Arraias,Não,"1702406",,31983
156,Barra do Ouro,Não,"1703073",,31983
157,Chapada de Areia,Não,"1704600",,31982
158,Porto Nacional,Não,"1718204",,31982
159,Santa Rita do Tocantins,Não,"1718899",,31982
160,Sucupira,Não,"1720853",,31982
161,Santa Maria do Tocantins,Não,"1718881",,31983
162,Paranã,Não,"1716208",,31983
163,Filadélfia,Não,"1707702",,31983
164,Salgado de São Félix,Não,"2513109",,31985
165,Lagoa de Velhos,Não,"2406403",,31985
166,Riachuelo,Não,"2410900",,31985
167,Palestina de Goiás,Não,"5215652",,31982
168,Piranhas,Não,"5217203",,31982
169,Aragarças,Não,"5201702",,31982
170,Bom Jardim de Goiás,Não,"5203401",,31982
171,Doverlândia,Não,"5207253",,31982
172,Baliza,Não,"5203104",,31982
173,Matrinchã,Não,"5212956",,31982
174,Aruanã,Não,"5202502",,31982
175,Abreu e Lima,Não,"2600054",,31985
176,Matinhas,Não,"2509339",,31985
177,Itatuba,Não,"2507200",,31985
178,Tangará,Não,"2414001",,31985
179,Arara,Não,"2500908",,31985
180,Cacimbas,Não,"2503555",,31984
181,Areia,Não,"2501104",,31985
182,Areia de Baraúnas,Não,"2501153",,31984
183,Areial,Não,"2501203",,31985
184,Cabaceiras,Não,"2503100",,31984
185,Caraúbas,Não,"2504074",,31984
186,São Miguel de Taipu,Não,"2515005",,31985
187,Damião,Não,"2505352",,31985
188,Assunção,Não,"2501351",,31984
189,Betânia,Não,"2601805",,31984
190,Carnaubeira da Penha,Não,"2603926",,31984
191,Aceguá,Não,"4300034",,31981
192,Esperança,Não,"2506004",,31985
193,São Bento do Trairí,Não,"2411700",,31984
194,Serra Negra do Norte,Não,"2413409",,31984
195,Acari,Não,"2400109",,31984
196,Altinho,Não,"2600807",,31984
197,Carnaúba dos Dantas,Não,"2402402",,31984
198,Camalaú,Não,"2503902",,31984
199,Coronel Ezequiel,Não,"2402808",,31984
200,Jaçanã,Não,"2405009",,31984
201,Sossêgo,Não,"2516151",,31984
202,Parelhas,Não,"2408904",,31984
203,Barão de Cotegipe,Não,"4301701",,31982
204,Desterro,Não,"2505402",,31984
205,Barra Funda,Não,"4301958",,31982
206,Arroio Grande,Não,"4301305",,31982
207,Cacimba de Areia,Não,"2503407",,31984
208,Junco do Seridó,Não,"2507804",,31984
209,Equador,Não,"2403400",,31984
210,Ipueira,Não,"2404804",,31984
211,Angelim,Não,"2601003",,31984
212,Jardim de Piranhas,Não,"2405603",,31984
213,Timbaúba dos Batistas,Não,"2414308",,31984
214,Matias Olímpio,Não,"2206100",,31983
215,Lagoa Grande,Não,"2608750",,31984
216,Cururupu,Não,"2103703",,31983
217,Águas Vermelhas,Não,"3101003",,31984
218,Tio Hugo,Não,"4321469",,31982
219,Rolador,Não,"4315958",,31981
220,Santa Rita do Trivelato,Não,"5107768",,31981
221,São José do Peixe,Não,"2210102",,31983
222,Centro Novo do Maranhão,Não,"2103174",,31983
223,Centro do Guilherme,Não,"2103158",,31983
224,Santa Luzia,Não,"2110005",,31983
225,Dias d'Ávila,Não,"2910057",,31984
226,Caicó,Não,"2402006",,31984
227,São Miguel do Tocantins,Não,"1720200",,31983
228,Cruzeta,Não,"2403004",,31984
229,Jardim do Seridó,Não,"2405702",,31984
230,Caetés,Não,"2603207",,31984
231,Calçado,Não,"2603306",,31984
232,Canhotinho,Não,"2603702",,31984
233,Coivaras,Não,"2202737",,31983
234,Capoeiras,Não,"2603801",,31984
235,Demerval Lobão,Não,"2203305",,31983
236,Jucati,Não,"2608255",,31984
237,Sítio Novo do Tocantins,Não,"1720804",,31983
238,João Câmara,Não,"2405801",,31985
239,Poço Branco,Não,"2410108",,31985
240,Carrasco Bonito,Não,"1703891",,31982
241,Francisco Sá,Não,"3126703",,31983
242,Paranatama,Não,"2610301",,31984
243,Saloá,Não,"2612307",,31984
244,Grão Mogol,Não,"3127800",,31983
245,Indaiabira,Não,"3130655",,31983
246,Catuti,Não,"3115474",,31983
247,Bento Fernandes,Não,"2401602",,31985
248,Alagoinha,Não,"2600609",,31984
249,Capitão Enéas,Não,"3112703",,31983
250,São Sebastião de Lagoa de Roça,Não,"2515104",,31985
251,São Sebastião do Umbuzeiro,Não,"2515203",,31984
252,Arcoverde,Não,"2601201",,31984
253,Buíque,Não,"2602803",,31984
254,Tibau do Sul,Não,"2414209",,31985
255,Fruta de Leite,Não,"3127073",,31983
256,Gameleiras,Não,"3127339",,31983
257,Campo Azul,Não,"3111150",,31983
258,Comercinho,Não,"3117009",,31984
259,Coração de Jesus,Não,"3118809",,31983
260,Manari,Não,"2609154",,31984
261,Pedra,Não,"2610806",,31984
262,Jardim de Angicos,Não,"2405504",,31985
263,Cabrobó,Não,"2603009",,31984
264,Floresta,Não,"2605707",,31984
265,Brasília de Minas,Não,"3108602",,31983
266,Malta,Não,"2508802",,31984
267,Pombal,Não,"2512101",,31984
268,Inajá,Não,"2607000",,31984
269,Almenara,Não,"3101706",,31984
270,Madeiro,Não,"2205854",,31983
271,Curral de Dentro,Não,"3120870",,31984
272,Divisa Alegre,Não,"3122355",,31984
273,Curral Velho,Não,"2505303",,31984
274,Bandeira,Não,"3105202",,31984
275,Berizal,Não,"3106655",,31984
276,Lucena,Não,"2508604",,31985
277,Cachoeira de Pajeú,Não,"3102704",,31984
278,Coaraci,Não,"2908002",,31984
279,Angical do Piauí,Não,"2200608",,31983
280,Água Branca,Não,"2200202",,31983
281,Araguaína,Não,"1702109",,31982
282,Goiatins,Não,"1709005",,31983
283,Itaguatins,Não,"1710706",,31983
284,Arês,Não,"2401206",,31985
285,Maurilândia do Tocantins,Não,"1712801",,31983
286,Gonçalves Dias,Não,"2104404",,31983
287,Augustinópolis,Não,"1702554",,31983
288,Axixá do Tocantins,Não,"1702901",,31983
289,Coronel Murta,Não,"3119500",,31983
290,Dueré,Não,"1707306",,31982
291,Espinosa,Não,"3124302",,31983
292,Janaúba,Não,"3135100",,31983
293,Cristália,Não,"3120300",,31983
294,Santa Luz,Não,"2209302",,31983
295,São Miguel do Gostoso,Não,"2412559",,31985
296,Ouro Verde de Minas,Não,"3146206",,31984
297,Padre Paraíso,Não,"3146305",,31984
298,Pavão,Não,"3148509",,31984
299,Poté,Não,"3152402",,31984
300,Caraí,Não,"3113008",,31984
301,Crisólita,Não,"3120151",,31984
302,Baía Formosa,Não,"2401404",,31985
303,Bom Jesus,Não,"2401701",,31985
304,Brejinho,Não,"2401800",,31985
305,Botumirim,Não,"3108503",,31983
306,Toritama,Não,"2615409",,31984
307,Ceará-Mirim,Não,"2402600",,31985
308,Piaçabuçu,Não,"2706802",,31984
309,Extremoz,Não,"2403608",,31985
310,Custódia,Não,"2605103",,31984
311,Baía da Traição,Não,"2501401",,31985
312,Batalha,Não,"2201507",,31983
313,Acaiaca,Não,"3100401",,31983
314,Luzilândia,Não,"2205805",,31983
315,Morro do Chapéu do Piauí,Não,"2206670",,31983
316,São João do Arraial,Não,"2209971",,31983
317,Carutapera,Não,"2102903",,31983
318,Carandaí,Não,"3113206",,31983
319,Fronteira dos Vales,Não,"3127057",,31984
320,Itaipé,Não,"3132305",,31984
321,Mantena,Não,"3139607",,31984
322,Italva,Não,"3302056",,31984
323,Monte Formoso,Não,"3143153",,31984
324,Nanuque,Não,"3144300",,31984
325,Nova Belém,Não,"3144672",,31984
326,Novo Cruzeiro,Não,"3145307",,31984
327,Novo Oriente de Minas,Não,"3145356",,31984
328,Capitão Andrade,Não,"3112653",,31984
329,Catuji,Não,"3115458",,31984
330,Conselheiro Pena,Não,"3118403",,31984
331,São João da Barra,Não,"3305000",,31984
332,Capitão,Não,"4304697",,31982
333,Cuparaque,Não,"3120839",,31984
334,Coimbra,Não,"3116704",,31983
335,Baldim,Não,"3105004",,31983
336,Ibimirim,Não,"2606606",,31984
337,Tupanatinga,Não,"2615805",,31984
338,Galiléia,Não,"3127305",,31984
339,Ataléia,Não,"3104700",,31984
340,Esperantina,Não,"1707405",,31982
341,Centenário,Não,"1704105",,31983
342,Itapiratins,Não,"1710904",,31982
343,Lizarda,Não,"1712405",,31983
344,São Félix do Tocantins,Não,"1720150",,31983
345,Berilo,Não,"3106507",,31983
346,Chapada do Norte,Não,"3116100",,31983
347,Coluna,Não,"3116803",,31983
348,Monsenhor Gil,Não,"2206407",,31983
349,Conceição de Ipanema,Não,"3117405",,31984
350,Divinolândia de Minas,Não,"3122207",,31983
351,Mar Vermelho,Não,"2704906",,31984
352,Alvinópolis,Não,"3102308",,31983
353,Carbonita,Não,"3113503",,31983
354,Chalé,Não,"3116001",,31984
355,Aricanduva,Não,"3104452",,31983
356,Cajuri,Não,"3110202",,31983
357,Abre Campo,Não,"3100302",,31983
358,Alvorada de Minas,Não,"3102407",,31983
359,Congonhas do Norte,Não,"3118106",,31983
360,Datas,Não,"3121001",,31983
361,Diamantina,Não,"3121605",,31983
362,Bocaiúva,Não,"3107307",,31983
363,Canaã,Não,"3111705",,31983
364,Barra Longa,Não,"3105707",,31983
365,Caeté,Não,"3110004",,31983
366,Nazaré do Piauí,Não,"2206704",,31983
367,Amparo do Serra,Não,"3102506",,31983
368,Dores do Turvo,Não,"3123304",,31983
369,Belo Oriente,Não,"3106309",,31983
370,Braúnas,Não,"3108800",,31983
371,Araponga,Não,"3103702",,31983
372,Divinésia,Não,"3121902",,31983
373,Antônio Carlos,Não,"3102902",,31983
374,Barbacena,Não,"3105608",,31983
375,Belmiro Braga,Não,"3106101",,31983
376,Central de Minas,Não,"3115706",,31984
377,Bias Fortes,Não,"3106804",,31983
378,Carrancas,Não,"3114600",,31983
379,Cipotânea,Não,"3116308",,31983
380,Diogo de Vasconcelos,Não,"3121704",,31983
381,Divino das Laranjeiras,Não,"3122108",,31984
382,Capela Nova,Não,"3112208",,31983
383,Caranaíba,Não,"3113107",,31983
384,Caratinga,Não,"3113404",,31984
385,Catas Altas da Noruega,Não,"3115409",,31983
386,Belo Vale,Não,"3106408",,31983
387,Brás Pires,Não,"3108701",,31983
388,Congonhas,Não,"3118007",,31983
389,Conselheiro Lafaiete,Não,"3118304",,31983
390,Divino,Não,"3122009",,31983
391,Felixlândia,Não,"3125705",,31983
392,Betim,Não,"3106705",,31983
393,Bom Jesus do Galho,Não,"3107802",,31983
394,Bonfim,Não,"3108107",,31983
395,Brumadinho,Não,"3109006",,31983
396,Bugre,Não,"3109253",,31983
397,Divinópolis,Não,"3122306",,31983
398,Lagoa da Prata,Não,"3137205",,31983
399,Entre Rios de Minas,Não,"3123908",,31983
400,Lassance,Não,"3138104",,31983
401,Nova Serrana,Não,"3145208",,31983
402,Casa Grande,Não,"3114907",,31983
403,Claro dos Poções,Não,"3116506",,31983
404,Augusto de Lima,Não,"3104809",,31983
405,Buenópolis,Não,"3109204",,31983
406,Buritizeiro,Não,"3109402",,31983
407,Santo Antônio do Monte,Não,"3160405",,31983
408,Carmo da Mata,Não,"3114006",,31983
409,Carmo do Cajuru,Não,"3114204",,31983
410,Carmópolis de Minas,Não,"3114501",,31983
411,Cláudio,Não,"3116605",,31983
412,Crucilândia,Não,"3120607",,31983
413,Desterro de Entre Rios,Não,"3121407",,31983
414,Junco do Maranhão,Não,"2105658",,31983
415,Luís Domingues,Não,"2106201",,31983
416,Cordeiro,Não,"3301504",,31983
417,Rio das Ostras,Não,"3304524",,31984
418,Alto Rio Doce,Não,"3102100",,31983
419,Araçaí,Não,"3103207",,31983
420,Maranhãozinho,Não,"2106375",,31983
421,São João do Carú,Não,"2111029",,31983
422,Aracitaba,Não,"3103306",,31983
423,Argirita,Não,"3104403",,31983
424,Catas Altas,Não,"3115359",,31983
425,Desterro do Melo,Não,"3121506",,31983
426,Chácara,Não,"3115904",,31983
427,Cordisburgo,Não,"3118908",,31983
428,Coronel Pacheco,Não,"3119609",,31983
429,Córrego Novo,Não,"3120003",,31983
430,Passa Vinte,Não,"3147808",,31983
431,Carmo da Cachoeira,Não,"3113909",,31983
432,Caxambu,Não,"3115508",,31983
433,Bom Sucesso,Não,"3108008",,31983
434,Baependi,Não,"3104908",,31983
435,Boa Esperança,Não,"3107109",,31983
436,Bocaina de Minas,Não,"3107208",,31983
437,Carvalhos,Não,"3114808",,31983
438,Cruzília,Não,"3120805",,31983
439,Campo do Meio,Não,"3111309",,31983
440,Campos Gerais,Não,"3111606",,31983
441,Candeias,Não,"3112000",,31983
442,Capitólio,Não,"3112802",,31983
443,Cristais,Não,"3120201",,31983
444,Aguanil,Não,"3100807",,31983
445,Iguatama,Não,"3130309",,31983
446,Alfenas,Não,"3101607",,31983
447,Antônio Prado de Minas,Não,"3103108",,31983
448,Campo Belo,Não,"3111200",,31983
449,Cambuquira,Não,"3110707",,31983
450,Campanha,Não,"3110905",,31983
451,Alpinópolis,Não,"3101904",,31983
452,Cássia,Não,"3115102",,31983
453,Cataguases,Não,"3115300",,31983
454,Claraval,Não,"3116407",,31983
455,Consolação,Não,"3118502",,31983
456,Córrego do Bom Jesus,Não,"3119906",,31983
457,Delfinópolis,Não,"3121209",,31983
458,Água Comprida,Não,"3100708",,31982
459,Capinópolis,Não,"3112604",,31982
460,Descoberto,Não,"3121308",,31983
461,Delfim Moreira,Não,"3121100",,31983
462,Careaçu,Não,"3113602",,31983
463,Conceição da Aparecida,Não,"3117108",,31983
464,Barão do Monte Alto,Não,"3105509",,31983
465,Conceição das Pedras,Não,"3117207",,31983
466,Conceição dos Ouros,Não,"3117801",,31983
467,Congonhal,Não,"3117900",,31983
468,Cristina,Não,"3120508",,31983
469,Arantina,Não,"3103603",,31983
470,Itaoca,Não,"3522158",,31982
471,Bom Jardim de Minas,Não,"3107505",,31983
472,Campestre da Serra,Não,"4303673",,31982
473,Esmeralda,Não,"4307401",,31982
474,Ipê,Não,"4310439",,31982
475,Muitos Capões,Não,"4312617",,31982
476,Vacaria,Não,"4322509",,31982
477,Alto Paraíso,Não,"4128625",,31982
478,Areado,Não,"3104304",,31983
479,Bandeira do Sul,Não,"3105301",,31983
480,Bom Jesus da Penha,Não,"3107604",,31983
481,Arvorezinha,Não,"4301404",,31982
482,Guia Lopes da Laguna,Não,"5004106",,31981
483,Camargo,Não,"4303558",,31982
484,Bonito,Não,"5002209",,31981
485,Ponta Porã,Não,"5006606",,31981
486,Iguatemi,Não,"5004304",,31981
487,Itapissuma,Não,"2607752",,31985
488,Bom Repouso,Não,"3107901",,31983
489,Borda da Mata,Não,"3108305",,31983
490,Botelhos,Não,"3108404",,31983
491,Barão,Não,"4301651",,31982
492,Camaquã,Não,"4303509",,31982
493,Colorado,Não,"4305603",,31982
494,São Gabriel do Oeste,Não,"5007695",,31981
495,Amaral Ferrador,Não,"4300638",,31982
496,Bueno Brandão,Não,"3109105",,31983
497,Campestre,Não,"3111002",,31983
498,Dionísio,Não,"3121803",,31983
499,Alto Jequitibá,Não,"3153509",,31984
500,Antônio Dias,Não,"3103009",,31983
501,Caputira,Não,"3112901",,31983
502,Itanhandu,Não,"3133105",,31983
503,Jaguaraçu,Não,"3135001",,31983
504,Machacalis,Não,"3138906",,31984
505,Bertópolis,Não,"3106606",,31984
506,Capetinga,Não,"3112406",,31983
507,Abatiá,Não,"4100103",,31982
508,Arapoti,Não,"4101606",,31982
509,Barra do Jacaré,Não,"4102703",,31982
510,Bocaiúva do Sul,Não,"4103107",,31982
511,Cambará,Não,"4103602",,31982
512,Frutal,Não,"3127107",,31982
513,Queluz,Não,"3541901",,31983
514,Ouroeste,Não,"3534757",,31982
515,Carneirinho,Não,"3114550",,31982
516,Contagem,Não,"3118601",,31983
517,Cordislândia,Não,"3119005",,31983
518,Carmo de Minas,Não,"3114105",,31983
519,Carvalhópolis,Não,"3114709",,31983
520,Dom Aquino,Não,"5103601",,31981
521,Cachoeira da Prata,Não,"3109600",,31983
522,Caetanópolis,Não,"3109907",,31983
523,Morro Agudo,Não,"3531902",,31982
524,Santa Bárbara d'Oeste,Não,"3545803",,31983
525,Caraá,Não,"4304713",,31982
526,Santa Gertrudes,Não,"3546702",,31983
527,Taquarivaí,Não,"3553856",,31982
528,Álvares Machado,Não,"3501301",,31982
529,Carlos Barbosa,Não,"4304804",,31982
530,Hortolândia,Não,"3519071",,31983
531,Itatinga,Não,"3523503",,31982
532,Limeira,Não,"3526902",,31983
533,Alfredo Vasconcelos,Não,"3101631",,31983
534,Redenção da Serra,Não,"3542305",,31983
535,Além Paraíba,Não,"3101508",,31983
536,Cabo Frio,Não,"3300704",,31983
537,Nova Odessa,Não,"3533403",,31983
538,Paranapanema,Não,"3535804",,31982
539,Ribeirão Grande,Não,"3543253",,31982
540,Anhumas,Não,"3502408",,31982
541,Pirapozinho,Não,"3539202",,31982
542,Tarabai,Não,"3553906",,31982
543,Araguainha,Não,"5101209",,31982
544,Santo Expedito,Não,"3548302",,31982
545,Santa Rita do Pardo,Não,"5007554",,31982
546,Taquarussu,Não,"5007976",,31982
547,Ribeirão Branco,Não,"3543006",,31982
548,Barra do Piraí,Não,"3300308",,31983
549,Itaboraí,Não,"3301900",,31983
550,Itaipava do Grajaú,Não,"2105351",,31983
551,Rosana,Não,"3544251",,31982
552,São João de Meriti,Não,"3305109",,31983
553,Presidente Médici,Não,"2109239",,31983
554,Pinheiro,Não,"2108603",,31983
555,Carmésia,Não,"3113800",,31983
556,Amaporã,Não,"4100905",,31982
557,Cafezal do Sul,Não,"4103479",,31982
558,Cidade Gaúcha,Não,"4105607",,31982
559,Guaporema,Não,"4109104",,31982
560,Iporã,Não,"4110607",,31982
561,Bela Vista de Minas,Não,"3106002",,31983
562,Bom Jesus do Amparo,Não,"3107703",,31983
563,Conceição do Mato Dentro,Não,"3117504",,31983
564,Andrelândia,Não,"3102803",,31983
565,Laranjal do Jari,Não,"1600279",,31976
566,Japeri,Não,"3302270",,31983
567,Pedro Gomes,Não,"5006408",,31981
568,Nova Santa Rita,Não,"2207959",,31983
569,Siderópolis,Não,"4217600",,31982
570,Laurentino,Não,"4209508",,31982
571,Piên,Não,"4119103",,31982
572,Vicente Dutra,Não,"4323101",,31982
573,Ampére,Não,"4101002",,31982
574,Pedro Régis,Não,"2512721",,31985
575,Barra do Guarita,Não,"4301859",,31982
576,Campinas do Sul,Não,"4303806",,31982
577,Puxinanã,Não,"2512408",,31985
578,Queimadas,Não,"2512507",,31985
579,Engenho Velho,Não,"4306924",,31982
580,Entre Rios do Sul,Não,"4306957",,31982
581,Erval Grande,Não,"4307203",,31982
582,Braga,Não,"4302600",,31982
583,Araricá,Não,"4300877",,31982
584,Arambaré,Não,"4300851",,31982
585,Peritiba,Não,"4212601",,31982
586,Ouro Verde,Não,"3534807",,31982
587,Panorama,Não,"3535408",,31982
588,Matos Costa,Não,"4210704",,31982
589,Lebon Régis,Não,"4209706",,31982
590,Ponte Alta do Norte,Não,"4213351",,31982
591,Timbó Grande,Não,"4218251",,31982
592,Constantina,Não,"4305801",,31982
593,Entre-Ijuís,Não,"4306932",,31981
594,Eugênio de Castro,Não,"4307831",,31981
595,Ibiaçá,Não,"4309803",,31982
596,Boa Vista das Missões,Não,"4302154",,31982
597,Costa Rica,Não,"5003256",,31982
598,Camapuã,Não,"5002605",,31982
599,Nova Alvorada do Sul,Não,"5006002",,31981
600,Nova Independência,Não,"3533205",,31982
601,Santa Teresinha,Não,"2513802",,31984
602,Arroio do Meio,Não,"4301008",,31982
603,Brochier,Não,"4302659",,31982
604,Benjamin Constant,Não,"1300607",,31979
605,Atalaia do Norte,Não,"1300201",,31979
606,Amaturá,Não,"1300060",,31979
607,Eirunepé,Não,"1301407",,31979
608,Ipixuna,Não,"1301803",,31979
609,Boca do Acre,Não,"1300706",,31979
610,Ouro,Não,"4211801",,31982
611,Gaurama,Não,"4308706",,31982
612,Marau,Não,"4311809",,31982
613,Soledade,Não,"4320800",,31982
614,Rancho Alegre D'Oeste,Não,"4121356",,31982
615,Apucarana,Não,"4101408",,31982
616,Niterói,Não,"3303302",,31983
617,São Gonçalo,Não,"3304904",,31983
618,Seropédica,Não,"3305554",,31983
619,Aimorés,Não,"3101102",,31984
620,Volta Redonda,Não,"3306305",,31983
621,Astolfo Dutra,Não,"3104601",,31983
622,Bicas,Não,"3106903",,31983
623,Campanário,Não,"3110806",,31984
624,Alto Caparaó,Não,"3102050",,31984
625,Tanguá,Não,"3305752",,31983
626,São Félix do Araguaia,Não,"5107859",,31982
627,Patos do Piauí,Não,"2207777",,31984
628,Bom Jesus dos Perdões,Não,"3507100",,31983
629,Cruzeiro,Não,"3513405",,31983
630,Patu,Não,"2409308",,31984
631,Pau dos Ferros,Não,"2409407",,31984
632,Cubatão,Não,"3513504",,31983
633,Campos de Júlio,Não,"5102686",,31981
634,Praia Grande,Não,"3541000",,31983
635,Rio Claro,Não,"3543907",,31983
636,Taubaté,Não,"3554102",,31983
637,Olho D'Água do Piauí,Não,"2207108",,31983
638,Queimada Nova,Não,"2208650",,31984
639,Amparo,Não,"3501905",,31983
640,Porto Alegre do Piauí,Não,"2208551",,31983
641,Nossa Senhora dos Remédios,Não,"2206803",,31983
642,Farroupilha,Não,"4307906",,31982
643,Água Boa,Não,"3100609",,31983
644,Bambuí,Não,"3105103",,31983
645,Barão de Cocais,Não,"3105400",,31983
646,Pacajá,Não,"1505486",,31982
647,Trairão,Não,"1508050",,31981
648,Peixoto de Azevedo,Não,"5106422",,31982
649,Novo Mundo,Não,"5106265",,31981
650,Alpercata,Não,"3101805",,31983
651,Pescaria Brava,Não,"4212650",,31982
652,Paranaíta,Não,"5106299",,31981
653,União,Não,"2211100",,31983
654,Bom Jardim,Não,"2102002",,31983
655,Cajari,Não,"2102507",,31983
656,Bernardo do Mearim,Não,"2101939",,31983
657,Conceição do Lago-Açu,Não,"2103554",,31983
658,Carolina,Não,"2102804",,31983
659,Fortaleza dos Nogueiras,Não,"2104107",,31983
660,Governador Edison Lobão,Não,"2104552",,31983
661,Lajeado Novo,Não,"2105989",,31983
662,Igarapé do Meio,Não,"2105153",,31983
663,Godofredo Viana,Não,"2104305",,31983
664,Governador Nunes Freire,Não,"2104677",,31983
665,Governador Newton Bello,Não,"2104651",,31983
666,Cândido Mendes,Não,"2102606",,31983
667,João Lisboa,Não,"2105500",,31983
668,Várzea,Não,"2517100",,31984
669,Boa Vista do Gurupi,Não,"2101970",,31983
670,Buriti Bravo,Não,"2102309",,31983
671,Cajapió,Não,"2102408",,31983
672,Itapecuru Mirim,Não,"2105401",,31983
673,Marajá do Sena,Não,"2106359",,31983
674,Amarante do Maranhão,Não,"2100600",,31983
675,Bom Jesus das Selvas,Não,"2102036",,31983
676,Brejo de Areia,Não,"2102150",,31983
677,Buriticupu,Não,"2102325",,31983
678,Feira Nova do Maranhão,Não,"2104073",,31983
679,Cantanhede,Não,"2102705",,31983
680,Grajaú,Não,"2104800",,31983
681,Peritoró,Não,"2108454",,31983
682,Cedral,Não,"2103109",,31983
683,Governador Eugênio Barros,Não,"2104602",,31983
684,Graça Aranha,Não,"2104701",,31983
685,Morrinhos do Sul,Não,"4312443",,31982
686,Matinha,Não,"2106508",,31983
687,Pio XII,Não,"2108702",,31983
688,Sebastião Barros,Não,"2210623",,31983
689,Paço do Lumiar,Não,"2107506",,31983
690,Lagoa Nova,Não,"2406502",,31984
691,Rio Pardo de Minas,Não,"3155603",,31983
692,Santo Antônio do Retiro,Não,"3160454",,31983
693,Alto Parnaíba,Não,"2100501",,31983
694,Tasso Fragoso,Não,"2112001",,31983
695,São João do Paraíso,Não,"3162708",,31983
696,Jacinto,Não,"3134707",,31984
697,Bequimão,Não,"2101905",,31983
698,Buritirana,Não,"2102358",,31983
699,Cachoeira Grande,Não,"2102374",,31983
700,Igarapé Grande,Não,"2105203",,31983
701,Guimarães,Não,"2104909",,31983
702,Aldeias Altas,Não,"2100303",,31983
703,Bacabal,Não,"2101202",,31983
704,Anajatuba,Não,"2100709",,31983
705,Benedito Leite,Não,"2101806",,31983
706,Buriti,Não,"2102200",,31983
707,Brejo,Não,"2102101",,31983
708,Lajes Pintadas,Não,"2406809",,31984
709,Coelho Neto,Não,"2103406",,31983
710,Colinas,Não,"2103505",,31983
711,Duque Bacelar,Não,"2103901",,31983
712,Chapadinha,Não,"2103208",,31983
713,Açailândia,Não,"2100055",,31983
714,Monte Alegre dos Campos,Não,"4312377",,31982
715,Morro Redondo,Não,"4312450",,31982
716,Bom Lugar,Não,"2102077",,31983
717,Triunfo,Não,"4322004",,31982
718,São Vicente Férrer,Não,"2613800",,31985
719,São Vicente,Não,"2413003",,31984
720,Balsa Nova,Não,"4102307",,31982
721,Campina Grande do Sul,Não,"4104006",,31982
722,Campo do Tenente,Não,"4104105",,31982
723,Colombo,Não,"4105805",,31982
724,Guaraqueçaba,Não,"4109500",,31982
725,Guaratuba,Não,"4109609",,31982
726,Ivaí,Não,"4111407",,31982
727,Lapa,Não,"4113205",,31982
728,Nova Esperança,Não,"4116901",,31982
729,Santa Cruz do Capibaribe,Não,"2612505",,31984
730,Coxixola,Não,"2504850",,31984
731,Santa Cruz,Não,"2411205",,31984
732,Campo Redondo,Não,"2402105",,31984
733,Tenente Laurentino Cruz,Não,"2414159",,31984
734,Rio do Campo,Não,"4214508",,31982
735,Sapezal,Não,"5107875",,31981
736,Aripuanã,Não,"5101407",,31981
737,Comodoro,Não,"5103304",,31981
738,Figueirópolis D'Oeste,Não,"5103809",,31981
739,Jauru,Não,"5105002",,31981
740,Juína,Não,"5105150",,31981
741,Bela Vista do Piauí,Não,"2201556",,31984
742,Belém do Brejo do Cruz,Não,"2502003",,31984
743,Ibirama,Não,"4206900",,31982
744,Irani,Não,"4207809",,31982
745,Lontras,Não,"4209904",,31982
746,Alagoa Grande,Não,"2500304",,31985
747,Mirim Doce,Não,"4210852",,31982
748,Itaqui,Não,"4310603",,31981
749,Jaguari,Não,"4311106",,31981
750,Relvado,Não,"4315453",,31982
751,Sant'Ana do Livramento,Não,"4317103",,31981
752,São Vendelino,Não,"4319752",,31982
753,Patos,Não,"2510808",,31984
754,Pilões,Não,"2511608",,31985
755,Rubim,Não,"3156601",,31984
756,Piquete,Não,"3538501",,31983
757,Passos Maia,Não,"4212270",,31982
758,Agudo,Não,"4300109",,31982
759,Tapejara,Não,"4320909",,31982
760,Jequeri,Não,"3135506",,31983
761,Pato Branco,Não,"4118501",,31982
762,Alto Alegre,Não,"1400050",,31974
763,Juti,Não,"5005152",,31981
764,Ermo,Não,"4205191",,31982
765,Nonoai,Não,"4312708",,31982
766,Aurilândia,Não,"5202601",,31982
767,Pontalina,Não,"5217708",,31982
768,Cezarina,Não,"5205455",,31982
769,Varjão,Não,"5221908",,31982
770,Jacaraú,Não,"2507309",,31985
771,Sumé,Não,"2516300",,31984
772,Várzea,Não,"2414704",,31985
773,Santa Cruz do Xingu,Não,"5107743",,31982
774,Salto,Não,"3545209",,31983
775,Cotia,Não,"3513009",,31983
776,Ipirá,Não,"2914000",,31984
777,Pontão,Não,"4314779",,31982
778,Chuí,Não,"4305439",,31982
779,Boa Hora,Não,"2201770",,31983
780,Juruaia,Não,"3136900",,31983
781,Palma,Não,"3146701",,31983
782,Juruena,Não,"5105176",,31981
783,Iuiu,Não,"2917334",,31983
784,Riqueza,Não,"4215075",,31982
785,Mogeiro,Não,"2509404",,31985
786,Alagoa,Não,"3101300",,31983
787,Alterosa,Não,"3102001",,31983
788,Alpestre,Não,"4300505",,31982
789,Canas,Não,"3509957",,31983
790,Timon,Não,"2112209",,31983
791,Lamim,Não,"3137908",,31983
792,Machado,Não,"3139003",,31983
793,Arroio do Sal,Não,"4301057",,31982
794,Arroio do Tigre,Não,"4301206",,31982
795,Goiabeira,Não,"3127370",,31984
796,Ipanema,Não,"3131208",,31984
797,Uraí,Não,"4128401",,31982
798,Ceres,Não,"5205406",,31982
799,Itobi,Não,"3523800",,31983
800,Agronômica,Não,"4200309",,31982
801,Nantes,Não,"3532157",,31982
802,Braúna,Não,"3507704",,31982
803,Capim,Não,"2504033",,31985
804,Itamari,Não,"2915700",,31984
805,Jóia,Não,"4311155",,31981
806,Araruna,Não,"2501005",,31985
807,Lambari,Não,"3137809",,31983
808,Mambaí,Não,"5212709",,31983
809,Itiúba,Não,"2917003",,31984
810,Pequi,Não,"3149606",,31983
811,Wenceslau Guimarães,Não,"2933505",,31984
812,Riacho de Santana,Não,"2926400",,31983
813,Itabirinha,Não,"3131802",,31984
814,Itanhomi,Não,"3133204",,31984
815,Mutum,Não,"3144003",,31984
816,Pocrane,Não,"3151909",,31984
817,Nipoã,Não,"3532702",,31982
818,Jari,Não,"4311130",,31981
819,Conde,Não,"2504603",,31985
820,Jucurutu,Não,"2406106",,31984
821,Lorena,Não,"3527207",,31983
822,Itaúba,Não,"5104559",,31981
823,Sinop,Não,"5107909",,31981
824,Lins,Não,"3527108",,31982
825,Tupã,Não,"3555000",,31982
826,Curvelo,Não,"3120904",,31983
827,Iapu,Não,"3129301",,31983
828,Recursolândia,Não,"1718501",,31983
829,Raposos,Não,"3153905",,31983
830,Apiaí,Não,"3502705",,31982
831,Itaíba,Não,"2607505",,31984
832,Jataúba,Não,"2608008",,31984
833,Coronel Pilar,Não,"4305934",,31982
834,Forquetinha,Não,"4308433",,31982
835,Picuí,Não,"2511400",,31984
836,Sampaio,Não,"1718808",,31983
837,Jacuizinho,Não,"4310876",,31982
838,Olaria,Não,"3145406",,31983
839,Westfália,Não,"4323770",,31982
840,Urandi,Não,"2932606",,31983
841,Santa Rita de Cássia,Não,"2928406",,31983
842,Tabocas do Brejo Velho,Não,"2930907",,31983
843,Vitória da Conquista,Não,"2933307",,31984
844,Teodoro Sampaio,Não,"2931400",,31984
845,Serra Preta,Não,"2930402",,31984
846,Tanhaçu,Não,"2931004",,31984
847,Wanderley,Não,"2933455",,31983
848,Tremedal,Não,"2931806",,31984
849,São Miguel das Matas,Não,"2929404",,31984
850,Souto Soares,Não,"2930808",,31984
851,Sítio do Mato,Não,"2930758",,31983
852,Santo Antônio de Jesus,Não,"2928703",,31984
853,Sapeaçu,Não,"2929602",,31984
854,São Félix do Coribe,Não,"2929057",,31983
855,Santa Maria da Vitória,Não,"2928109",,31983
856,Miguel Leão,Não,"2206308",,31983
857,Wagner,Não,"2933406",,31984
858,Uauá,Não,"2932002",,31984
859,Serra Dourada,Não,"2930303",,31983
860,Barro Duro,Não,"2201408",,31983
861,Senhor do Bonfim,Não,"2930105",,31984
862,Serra do Ramalho,Não,"2930154",,31983
863,Rio do Pires,Não,"2926905",,31983
864,São Domingos,Não,"2928950",,31984
865,Santo Estêvão,Não,"2928802",,31984
866,Santana,Não,"2928208",,31983
867,Varzedo,Não,"2933174",,31984
868,Tanque Novo,Não,"2931053",,31983
869,Anísio de Abreu,Não,"2200707",,31983
870,Itaueira,Não,"2205102",,31983
871,Paulistana,Não,"2207801",,31984
872,Manoel Emídio,Não,"2205904",,31983
873,São Francisco de Assis do Piauí,Não,"2209658",,31984
874,São Pedro do Piauí,Não,"2210508",,31983
875,São Raimundo Nonato,Não,"2210607",,31983
876,Sebastião Leal,Não,"2210631",,31983
877,Tanque do Piauí,Não,"2210979",,31983
878,Pajeú do Piauí,Não,"2207355",,31983
879,Santo Antônio dos Milagres,Não,"2209450",,31983
880,Várzea Branca,Não,"2211357",,31983
881,Paes Landim,Não,"2207306",,31983
882,Oeiras,Não,"2207009",,31983
883,Socorro do Piauí,Não,"2210904",,31983
884,Palmeirais,Não,"2207504",,31983
885,Passo de Torres,Não,"4212254",,31982
886,Praia Grande,Não,"4213807",,31982
887,São João do Piauí,Não,"2210003",,31983
888,Várzea Grande,Não,"2211407",,31983
889,José de Freitas,Não,"2205508",,31983
890,Acauã,Não,"2200053",,31984
891,Colônia do Piauí,Não,"2202778",,31983
892,Regeneração,Não,"2208809",,31983
893,São Miguel da Baixa Grande,Não,"2210383",,31983
894,Uruçuí,Não,"2211209",,31983
895,Lagoa do Piauí,Não,"2205581",,31983
896,Santa Rosa do Sul,Não,"4215653",,31982
897,Timbé do Sul,Não,"4218103",,31982
898,Turvo,Não,"4218806",,31982
899,Rurópolis,Não,"1506195",,31981
900,Alenquer,Não,"1500404",,31981
901,Bannach,Não,"1501253",,31982
902,Tamboril do Piauí,Não,"2210953",,31983
903,Imbé,Não,"4310330",,31982
904,Brejo do Piauí,Não,"2201988",,31983
905,Ilha de Itamaracá,Não,"2607604",,31985
906,Betânia do Piauí,Não,"2201739",,31984
907,Boqueirão do Piauí,Não,"2201945",,31983
908,São Roque de Minas,Não,"3164308",,31983
909,Wenceslau Braz,Não,"3172202",,31983
910,Aiuruoca,Não,"3101201",,31983
911,Alto Alegre,Não,"4300554",,31982
912,Alto Feliz,Não,"4300570",,31982
913,Itapetim,Não,"2607703",,31984
914,Capim Branco,Não,"3112505",,31983
915,Carmo do Rio Claro,Não,"3114402",,31983
916,Conceição do Pará,Não,"3117603",,31983
917,Anta Gorda,Não,"4300703",,31982
918,Antônio Prado,Não,"4300802",,31982
919,Terra de Areia,Não,"4321436",,31982
920,Arroio do Padre,Não,"4301073",,31982
921,Ferreiros,Não,"2605509",,31985
922,Colniza,Não,"5103254",,31980
923,Conquista D'Oeste,Não,"5103361",,31981
924,Curvelândia,Não,"5103437",,31981
925,Ipiranga do Norte,Não,"5104526",,31981
926,Itanhangá,Não,"5104542",,31981
927,Nova Santa Helena,Não,"5106190",,31981
928,Santo Antônio do Leste,Não,"5107792",,31982
929,Vale de São Domingos,Não,"5108352",,31981
930,Almirante Tamandaré do Sul,Não,"4300471",,31982
931,Canudos do Vale,Não,"4304614",,31982
932,Jardim do Mulato,Não,"2205250",,31983
933,Coqueiro Baixo,Não,"4305835",,31982
934,Itati,Não,"4310652",,31982
935,Lagoa Bonita do Sul,Não,"4311239",,31982
936,Pedras Altas,Não,"4314175",,31982
937,Bayeux,Não,"2501807",,31985
938,Gurinhém,Não,"2506400",,31985
939,Touros,Não,"2414407",,31985
940,Mãe d'Água,Não,"2508703",,31984
941,Casinhas,Não,"2604155",,31985
942,Ouro Velho,Não,"2510600",,31984
943,Condado,Não,"2604601",,31985
944,Itambé,Não,"2607653",,31985
945,Alhandra,Não,"2500601",,31985
946,Ingá,Não,"2506806",,31985
947,Livramento,Não,"2508505",,31984
948,Pedras de Fogo,Não,"2511202",,31985
949,Barra do Ribeiro,Não,"4301909",,31982
950,Jundiá,Não,"2406155",,31985
951,Orocó,Não,"2609808",,31984
952,Santa Maria da Boa Vista,Não,"2612604",,31984
953,Santa Maria do Cambucá,Não,"2612703",,31985
954,Barra de Santana,Não,"2501575",,31985
955,Boqueirão,Não,"2502508",,31984
956,Ibirajuba,Não,"2606705",,31984
957,Felisburgo,Não,"3125606",,31984
958,Jequitinhonha,Não,"3135803",,31984
959,Joaíma,Não,"3136009",,31984
960,Jordânia,Não,"3136504",,31984
961,Caturité,Não,"2504355",,31984
962,Santa Cecília,Não,"2513158",,31985
963,São Ludgero,Não,"4217006",,31982
964,Ouriçangas,Não,"2923308",,31984
965,Várzea Nova,Não,"2933158",,31984
966,Praia Norte,Não,"1718303",,31983
967,Lagoa do Barro do Piauí,Não,"2205565",,31984
968,São Sebastião do Tocantins,Não,"1720309",,31982
969,Bandeirantes do Tocantins,Não,"1703057",,31982
970,Colinas do Tocantins,Não,"1705508",,31982
971,Muricilândia,Não,"1713957",,31982
972,Nova Olinda,Não,"1714880",,31982
973,Santa Fé do Araguaia,Não,"1718865",,31982
974,Afrânio,Não,"2600203",,31984
975,Parazinho,Não,"2408805",,31985
976,Pedra Grande,Não,"2409506",,31985
977,Orizânia,Não,"3145877",,31983
978,Divisópolis,Não,"3122454",,31984
979,Cachoeirinha,Não,"2603108",,31984
980,Dormentes,Não,"2605152",,31984
981,Mata Verde,Não,"3140555",,31984
982,Medina,Não,"3141405",,31984
983,Ninheira,Não,"3144656",,31984
984,Bonfim do Piauí,Não,"2201929",,31983
985,Barreiras do Piauí,Não,"2201309",,31983
986,Palmópolis,Não,"3146750",,31984
987,Rio do Prado,Não,"3155108",,31984
988,Bom Jesus,Não,"2201903",,31983
989,Alagoinha,Não,"2500502",,31985
990,Monte Alegre do Piauí,Não,"2206605",,31983
991,Belém,Não,"2501906",,31985
992,São Gonçalo do Gurguéia,Não,"2209757",,31983
993,Redenção do Gurguéia,Não,"2208700",,31983
994,Parnaguá,Não,"2207603",,31983
995,Riacho Frio,Não,"2208858",,31983
996,Santa Maria do Salto,Não,"3158102",,31984
997,Santo Antônio do Jacinto,Não,"3160306",,31984
998,Carapebus,Não,"3300936",,31984
999,Araçuaí,Não,"3103405",,31984
1000,Caparaó,Não,"3112109",,31984
1001,Bom Jesus do Itabapoana,Não,"3300605",,31984
1002,Campos dos Goytacazes,Não,"3301009",,31984
1003,Cardoso Moreira,Não,"3301157",,31984
1004,Itaperuna,Não,"3302205",,31984
1005,Espera Feliz,Não,"3124203",,31984
1006,Francisco Badaró,Não,"3126505",,31983
1007,José Gonçalves de Minas,Não,"3136520",,31983
1008,Conceição do Rio Verde,Não,"3117702",,31983
1009,Coqueiral,Não,"3118700",,31983
1010,Murici dos Portelas,Não,"2206696",,31983
1011,Três Pontas,Não,"3169406",,31983
1012,Zé Doca,Não,"2114007",,31983
1013,Liberdade,Não,"3138500",,31983
1014,Nepomuceno,Não,"3144607",,31983
1015,Santana da Vargem,Não,"3158300",,31983
1016,Santa Rita de Jacutinga,Não,"3159308",,31983
1017,Ouro Preto do Oeste,Não,"1100155",,31980
1018,Parecis,Não,"1101450",,31980
1019,Rio Crespo,Não,"1100262",,31980
1020,São Bento Abade,Não,"3160801",,31983
1021,Três Corações,Não,"3169307",,31983
1022,Nova União,Não,"1101435",,31980
1023,Passa Quatro,Não,"3147600",,31983
1024,Perdões,Não,"3149903",,31983
1025,Martinópolis,Não,"3529203",,31982
1026,Belterra,Não,"1501451",,31981
1027,Cumaru do Norte,Não,"1502764",,31982
1028,Castanheira,Não,"5102850",,31981
1029,Capão da Canoa,Não,"4304630",,31982
1030,Dom Pedro de Alcântara,Não,"4306551",,31982
1031,Mampituba,Não,"4311734",,31982
1032,Maquiné,Não,"4311775",,31982
1033,Osório,Não,"4313508",,31982
1034,Torres,Não,"4321501",,31982
1035,Balneário Pinhal,Não,"4301636",,31982
1036,Mafra,Não,"4210100",,31982
1037,Monte Castelo,Não,"4211108",,31982
1038,Tramandaí,Não,"4321600",,31982
1039,Três Cachoeiras,Não,"4321667",,31982
1040,Capão Bonito,Não,"3510203",,31982
1041,Cosmópolis,Não,"3512803",,31983
1042,Três Forquilhas,Não,"4321832",,31982
1043,Xangri-lá,Não,"4323804",,31982
1044,Luciara,Não,"5105309",,31982
1045,Porto Alegre do Norte,Não,"5106778",,31982
1046,Santa Terezinha,Não,"5107776",,31982
1047,Vila Rica,Não,"5108600",,31982
1048,Cotriguaçu,Não,"5103379",,31981
1049,Nova Bandeirantes,Não,"5106158",,31981
1050,Novo Horizonte do Norte,Não,"5106273",,31981
1051,Itaporanga,Não,"3522802",,31982
1052,Itararé,Não,"3523206",,31982
1053,Riversul,Não,"3543501",,31982
1054,Timburi,Não,"3554607",,31982
1055,Tabaporã,Não,"5107941",,31981
1056,David Canabarro,Não,"4306304",,31982
1057,Coxilha,Não,"4305975",,31982
1058,Erechim,Não,"4307005",,31982
1059,Dona Emma,Não,"4205100",,31982
1060,Witmarsum,Não,"4219408",,31982
1061,Ipiranga do Sul,Não,"4310462",,31982
1062,Mato Castelhano,Não,"4312138",,31982
1063,José Boiteux,Não,"4209151",,31982
1064,Santa Luzia D'Oeste,Não,"1100296",,31980
1065,São Felipe D'Oeste,Não,"1101484",,31980
1066,Teixeirópolis,Não,"1101559",,31980
1067,Vale do Anari,Não,"1101757",,31980
1068,Monte Belo do Sul,Não,"4312385",,31982
1069,Vale do Paraíso,Não,"1101807",,31980
1070,Cujubim,Não,"1100940",,31980
1071,Machadinho D'Oeste,Não,"1100130",,31980
1072,Jaru,Não,"1100114",,31980
1073,Santana do Itararé,Não,"4124004",,31982
1074,Fonte Boa,Não,"1301605",,31979
1075,Jutaí,Não,"1302306",,31979
1076,Juruá,Não,"1302207",,31979
1077,Tapauá,Não,"1304104",,31979
1078,Poxoréu,Não,"5107008",,31981
1079,Guarantã do Norte,Não,"5104104",,31981
1080,Pedra Preta,Não,"5106372",,31981
1081,São José do Povo,Não,"5107297",,31981
1082,Araçatuba,Não,"3502804",,31982
1083,Nova Castilho,Não,"3532868",,31982
1084,Populina,Não,"3540408",,31982
1085,Nova Brasilândia D'Oeste,Não,"1100148",,31980
1086,Nova Mamoré,Não,"1100338",,31980
1087,Novo Horizonte do Oeste,Não,"1100502",,31980
1088,Pimenteiras do Oeste,Não,"1101468",,31980
1089,São Miguel do Guaporé,Não,"1100320",,31980
1090,Seringueiras,Não,"1101500",,31980
1091,Urupá,Não,"1101708",,31980
1092,Castanheiras,Não,"1100908",,31980
1093,Alvorada D'Oeste,Não,"1100346",,31980
1094,Acrelândia,Não,"1200013",,31979
1095,Nova Lacerda,Não,"5106182",,31981
1096,Pontes e Lacerda,Não,"5106752",,31981
1097,Vila Bela da Santíssima Trindade,Não,"5105507",,31980
1098,Paranaíba,Não,"5006309",,31982
1099,Jaciara,Não,"5104807",,31981
1100,Nossa Senhora do Livramento,Não,"5106109",,31981
1101,Nova Maringá,Não,"5108907",,31981
1102,Analândia,Não,"3502002",,31983
1103,Iepê,Não,"3519907",,31982
1104,Indiana,Não,"3520608",,31982
1105,Lupércio,Não,"3527801",,31982
1106,Itambaracá,Não,"4111001",,31982
1107,Primeiro de Maio,Não,"4120507",,31982
1108,Rancho Alegre,Não,"4121307",,31982
1109,Santo Inácio,Não,"4124509",,31982
1110,São João do Triunfo,Não,"4125100",,31982
1111,Sertaneja,Não,"4126405",,31982
1112,Ocauçu,Não,"3533700",,31982
1113,Oriente,Não,"3534104",,31982
1114,Orlândia,Não,"3534302",,31983
1115,Oscar Bressane,Não,"3534500",,31982
1116,Pereira Barreto,Não,"3537404",,31982
1117,Pompéia,Não,"3540002",,31982
1118,Quintana,Não,"3542008",,31982
1119,Regente Feijó,Não,"3542404",,31982
1120,Sud Mennucci,Não,"3552304",,31982
1121,Suzanápolis,Não,"3552551",,31982
1122,Pouso Redondo,Não,"4213708",,31982
1123,Salete,Não,"4215307",,31982
1124,Americana,Não,"3501608",,31983
1125,Santana,Não,"1600600",,31976
1126,Vitória do Jari,Não,"1600808",,31982
1127,Afuá,Não,"1500305",,31982
1128,Breves,Não,"1501808",,31982
1129,Angatuba,Não,"3502200",,31982
1130,Cáceres,Não,"5102504",,31981
1131,Indiavaí,Não,"5104500",,31981
1132,Glória D'Oeste,Não,"5103957",,31981
1133,Porto Esperidião,Não,"5106828",,31981
1134,Borborema,Não,"3507407",,31982
1135,Buri,Não,"3508009",,31982
1136,Campina do Monte Alegre,Não,"3509452",,31982
1137,Mirador,Não,"4115903",,31982
1138,Rondon,Não,"4122602",,31982
1139,São Manoel do Paraná,Não,"4125555",,31982
1140,Pinhal,Não,"4314456",,31982
1141,São Tomé,Não,"4126108",,31982
1142,Nova Campina,Não,"3532827",,31982
1143,Ribeira,Não,"3542800",,31982
1144,Conceição da Barra de Minas,Não,"3115201",,31983
1145,Coronel Xavier Chaves,Não,"3119708",,31983
1146,Adrianópolis,Não,"4100202",,31982
1147,Condor,Não,"4305702",,31982
1148,Coronel Bicaco,Não,"4305900",,31982
1149,Brasilândia do Sul,Não,"4103370",,31982
1150,Cerro Azul,Não,"4105201",,31982
1151,Douradina,Não,"4107256",,31982
1152,Derrubadas,Não,"4306320",,31982
1153,Dois Irmãos das Missões,Não,"4306429",,31982
1154,Erval Seco,Não,"4307302",,31982
1155,Espumoso,Não,"4307500",,31982
1156,Estrela Velha,Não,"4307815",,31982
1157,Fortaleza dos Valos,Não,"4308458",,31982
1158,Gramado Xavier,Não,"4309159",,31982
1159,Maripá,Não,"4115358",,31982
1160,Nova Santa Rosa,Não,"4117222",,31982
1161,Palotina,Não,"4117909",,31982
1162,Aratiba,Não,"4300901",,31982
1163,Áurea,Não,"4301552",,31982
1164,Catuípe,Não,"4305009",,31981
1165,Chiapetta,Não,"4305405",,31982
1166,Crissiumal,Não,"4306007",,31981
1167,Doutor Maurício Cardoso,Não,"4306734",,31981
1168,Giruá,Não,"4309001",,31981
1169,Horizontina,Não,"4309605",,31981
1170,Ijuí,Não,"4310207",,31982
1171,Inhacorá,Não,"4310413",,31981
1172,Júlio de Castilhos,Não,"4311205",,31982
1173,Nova Candelária,Não,"4313011",,31981
1174,Serraria,Não,"2515906",,31985
1175,Barra do Rio Azul,Não,"4301925",,31982
1176,Cotiporã,Não,"4305959",,31982
1177,Estação,Não,"4307559",,31982
1178,Mato Leitão,Não,"4312153",,31982
1179,Montenegro,Não,"4312401",,31982
1180,Fagundes Varela,Não,"4307864",,31982
1181,Flores da Cunha,Não,"4308201",,31982
1182,Getúlio Vargas,Não,"4308904",,31982
1183,Guabiju,Não,"4309258",,31982
1184,Muliterno,Não,"4312625",,31982
1185,Nova Bassano,Não,"4312906",,31982
1186,Nova Pádua,Não,"4313086",,31982
1187,Nova Roma do Sul,Não,"4313359",,31982
1188,Paraí,Não,"4314001",,31982
1189,Passo Fundo,Não,"4314100",,31982
1190,São Domingos do Sul,Não,"4318051",,31982
1191,São Jorge,Não,"4318440",,31982
1192,São Marcos,Não,"4319000",,31982
1193,Vanini,Não,"4322558",,31982
1194,Veranópolis,Não,"4322806",,31982
1195,Vila Flores,Não,"4323309",,31982
1196,Vila Lângaro,Não,"4323358",,31982
1197,Vista Alegre do Prata,Não,"4323606",,31982
1198,Casca,Não,"4304903",,31982
1199,Dois Lajeados,Não,"4306452",,31982
1200,Paverama,Não,"4314159",,31982
1201,Doutor Ricardo,Não,"4306759",,31982
1202,Fontoura Xavier,Não,"4308300",,31982
1203,Encantado,Não,"4306809",,31982
1204,Gentil,Não,"4308854",,31982
1205,Guaporé,Não,"4309407",,31982
1206,Poço das Antas,Não,"4314753",,31982
1207,Porto Lucena,Não,"4315008",,31981
1208,Ilópolis,Não,"4310306",,31982
1209,Itapuca,Não,"4310579",,31982
1210,Marques de Souza,Não,"4312054",,31982
1211,Montauri,Não,"4312351",,31982
1212,Muçum,Não,"4312609",,31982
1213,Nova Alvorada,Não,"4312757",,31982
1214,Nova Bréscia,Não,"4313003",,31982
1215,Pouso Novo,Não,"4315131",,31982
1216,Leoberto Leal,Não,"4209805",,31982
1217,Roca Sales,Não,"4315800",,31982
1218,Lindóia do Sul,Não,"4209854",,31982
1219,Novo Horizonte,Não,"4211652",,31982
1220,Palmitos,Não,"4212106",,31982
1221,Paraíso,Não,"4212239",,31982
1222,Santa Tereza,Não,"4317251",,31982
1223,Santo Antônio do Palma,Não,"4317558",,31982
1224,São José do Herval,Não,"4318465",,31982
1225,São Valentim do Sul,Não,"4319711",,31982
1226,Serafina Corrêa,Não,"4320404",,31982
1227,Travesseiro,Não,"4321626",,31982
1228,Vila Maria,Não,"4323408",,31982
1229,Fernandes Pinheiro,Não,"4107736",,31982
1230,Sertãozinho,Não,"2515930",,31985
1231,Gramado dos Loureiros,Não,"4309126",,31982
1232,Ibirapuitã,Não,"4309951",,31982
1233,Itatiba do Sul,Não,"4310702",,31982
1234,Jacutinga,Não,"4310900",,31982
1235,Não-Me-Toque,Não,"4312658",,31982
1236,Pinheirinho do Vale,Não,"4314498",,31982
1237,Ponte Preta,Não,"4314787",,31982
1238,Rio dos Índios,Não,"4315552",,31982
1239,Teutônia,Não,"4321451",,31982
1240,Altônia,Não,"4100509",,31982
1241,Bagé,Não,"4301602",,31981
1242,Santo Antônio do Içá,Não,"1303700",,31979
1243,São Paulo de Olivença,Não,"1303908",,31979
1244,Rodeio Bonito,Não,"4315909",,31982
1245,Ronda Alta,Não,"4316105",,31982
1246,Coqueiros do Sul,Não,"4305850",,31982
1247,Itamarati,Não,"1301951",,31979
1248,Cacequi,Não,"4302907",,31981
1249,Chuvisca,Não,"4305447",,31982
1250,Dom Feliciano,Não,"4306502",,31982
1251,Dom Pedrito,Não,"4306601",,31981
1252,Herval,Não,"4307104",,31982
1253,Hulha Negra,Não,"4309654",,31982
1254,Maçambará,Não,"4311718",,31981
1255,Manoel Viana,Não,"4311759",,31981
1256,Nova Esperança do Sul,Não,"4313037",,31981
1257,Pedro Osório,Não,"4314209",,31982
1258,Pirapó,Não,"4314555",,31981
1259,Quaraí,Não,"4315305",,31981
1260,Roque Gonzales,Não,"4316303",,31981
1261,Santo Antônio do Planalto,Não,"4317756",,31982
1262,São Valentim,Não,"4319703",,31982
1263,Sarandi,Não,"4320107",,31982
1264,Três Palmeiras,Não,"4321857",,31982
1265,Trindade do Sul,Não,"4321956",,31982
1266,Victor Graeff,Não,"4323200",,31982
1267,Barracão,Não,"4102604",,31982
1268,Rosário do Sul,Não,"4316402",,31981
1269,Campos Borges,Não,"4304101",,31982
1270,Humaitá,Não,"4309704",,31982
1271,Ibirubá,Não,"4310009",,31982
1272,Lagoa dos Três Cantos,Não,"4311270",,31982
1273,Normandia,Não,"1400407",,31974
1274,Bonfim,Não,"1400159",,31974
1275,Pracuúba,Não,"1600550",,31976
1276,Miraguaí,Não,"4312302",,31982
1277,Ponte Serrada,Não,"4213401",,31982
1278,Palmeiras do Tocantins,Não,"1713809",,31983
1279,Santa Cecília,Não,"4215505",,31982
1280,Mormaço,Não,"4312427",,31982
1281,Teixeiras,Não,"3168507",,31983
1282,Palmitinho,Não,"4313805",,31982
1283,Pinhal Grande,Não,"4314472",,31982
1284,Redentora,Não,"4315404",,31982
1285,Salto do Jacuí,Não,"4316451",,31982
1286,Santa Bárbara do Sul,Não,"4316709",,31982
1287,São Martinho,Não,"4319109",,31982
1288,Teófilo Otoni,Não,"3168606",,31984
1289,Sede Nova,Não,"4320230",,31982
1290,Selbach,Não,"4320305",,31982
1291,Tapera,Não,"4321006",,31982
1292,Tenente Portela,Não,"4321402",,31982
1293,Três Passos,Não,"4321907",,31982
1294,Tunas,Não,"4322152",,31982
1295,Timóteo,Não,"3168705",,31983
1296,Tiradentes,Não,"3168804",,31983
1297,Vista Alegre,Não,"4323507",,31982
1298,Augusto Pestana,Não,"4301503",,31981
1299,Alegria,Não,"4300455",,31981
1300,Nova Ramada,Não,"4313334",,31982
1301,Novo Machado,Não,"4313425",,31981
1302,Panambi,Não,"4313904",,31982
1303,Parobé,Não,"4314050",,31982
1304,Pejuçara,Não,"4314308",,31982
1305,Santa Rosa,Não,"4317202",,31981
1306,Santo Ângelo,Não,"4317509",,31981
1307,Morro Reuter,Não,"4312476",,31982
1308,Mostardas,Não,"4312500",,31982
1309,Santo Antônio da Patrulha,Não,"4317608",,31982
1310,Santo Augusto,Não,"4317806",,31982
1311,São José do Inhacorá,Não,"4318499",,31981
1312,São Valério do Sul,Não,"4319737",,31982
1313,Nova Hartz,Não,"4313060",,31982
1314,Nova Santa Rita,Não,"4313375",,31982
1315,Sete de Setembro,Não,"4320578",,31981
1316,Tiradentes do Sul,Não,"4321477",,31981
1317,Três Coroas,Não,"4321709",,31982
1318,Três de Maio,Não,"4321808",,31981
1319,Tucunduva,Não,"4322103",,31981
1320,Tupanciretã,Não,"4322202",,31981
1321,Tuparendi,Não,"4322301",,31981
1322,Alvorada,Não,"4300604",,31982
1323,Canoas,Não,"4304606",,31982
1324,Capivari do Sul,Não,"4304671",,31982
1325,Dois Irmãos,Não,"4306403",,31982
1326,Tocantins,Não,"3169000",,31983
1327,Esteio,Não,"4307708",,31982
1328,Glorinha,Não,"4309050",,31982
1329,Feliz,Não,"4308102",,31982
1330,Lindolfo Collor,Não,"4311627",,31982
1331,Gramado,Não,"4309100",,31982
1332,Gravataí,Não,"4309209",,31982
1333,Guaíba,Não,"4309308",,31982
1334,Novo Hamburgo,Não,"4313409",,31982
1335,Picada Café,Não,"4314423",,31982
1336,Portão,Não,"4314803",,31982
1337,Presidente Lucena,Não,"4315149",,31982
1338,Sertão Santana,Não,"4320552",,31982
1339,Sinimbu,Não,"4320677",,31982
1340,Tapes,Não,"4321105",,31982
1341,Turuçu,Não,"4322327",,31982
1342,Vale do Sol,Não,"4322533",,31982
1343,Salvador do Sul,Não,"4316501",,31982
1344,Santa Maria do Herval,Não,"4316956",,31982
1345,São José do Hortêncio,Não,"4318481",,31982
1346,Vale Verde,Não,"4322525",,31982
1347,Venâncio Aires,Não,"4322608",,31982
1348,São Leopoldo,Não,"4318705",,31982
1349,São Pedro da Serra,Não,"4319356",,31982
1350,Farol,Não,"4107553",,31982
1351,Paulicéia,Não,"3536406",,31982
1352,Santa Mercedes,Não,"3547106",,31982
1353,Rio Verde de Mato Grosso,Não,"5007406",,31981
1354,Rio Negro,Não,"5007307",,31981
1355,Calmon,Não,"4203154",,31982
1356,Frei Rogério,Não,"4205555",,31982
1357,Boqueirão do Leão,Não,"4302451",,31982
1358,Cachoeira do Sul,Não,"4303004",,31982
1359,Cacique Doble,Não,"4303202",,31982
1360,Candelária,Não,"4304200",,31982
1361,Cerro Branco,Não,"4305132",,31982
1362,Sapucaia do Sul,Não,"4320008",,31982
1363,Mariano Moro,Não,"4312005",,31982
1364,Quevedos,Não,"4315321",,31981
1365,Tavares,Não,"4321352",,31982
1366,Vitória das Missões,Não,"4323754",,31981
1367,Boa Vista da Aparecida,Não,"4103057",,31982
1368,Caiçara,Não,"4303400",,31982
1369,Canguçu,Não,"4304507",,31982
1370,Vale Real,Não,"4322541",,31982
1371,Viamão,Não,"4323002",,31982
1372,Cristal,Não,"4306056",,31982
1373,Herveiras,Não,"4309571",,31982
1374,Ibiraiaras,Não,"4309902",,31982
1375,Lagoão,Não,"4311254",,31982
1376,Minas do Leão,Não,"4312252",,31982
1377,Nova Prata,Não,"4313300",,31982
1378,Passo do Sobrado,Não,"4314076",,31982
1379,Pelotas,Não,"4314407",,31982
1380,Protásio Alves,Não,"4315172",,31982
1381,Rio Pardo,Não,"4315701",,31982
1382,Saldanha Marinho,Não,"4316436",,31982
1383,Santa Cruz do Sul,Não,"4316808",,31982
1384,São José do Norte,Não,"4318507",,31982
1385,São Lourenço do Sul,Não,"4318804",,31982
1386,Ibarama,Não,"4309753",,31982
1387,Maximiliano de Almeida,Não,"4312203",,31982
1388,Novo Cabrais,Não,"4313391",,31982
1389,Paim Filho,Não,"4313607",,31982
1390,Passa Sete,Não,"4314068",,31982
1391,Progresso,Não,"4315156",,31982
1392,São José do Ouro,Não,"4318606",,31982
1393,Sobradinho,Não,"4320701",,31982
1394,Espigão Alto do Iguaçu,Não,"4107546",,31982
1395,Lagoa Vermelha,Não,"4311304",,31982
1396,Marcelino Ramos,Não,"4311908",,31982
1397,Caiçara,Não,"2503605",,31985
1398,Rolante,Não,"4316006",,31982
1399,Sananduva,Não,"4316600",,31982
1400,Santo Expedito do Sul,Não,"4317954",,31982
1401,São Francisco de Paula,Não,"4318200",,31982
1402,São João da Urtiga,Não,"4318424",,31982
1403,Severiano de Almeida,Não,"4320602",,31982
1404,Carlos Gomes,Não,"4304853",,31982
1405,Centenário,Não,"4305116",,31982
1406,Dona Francisca,Não,"4306700",,31982
1407,Encruzilhada do Sul,Não,"4306908",,31982
1408,Cristal do Sul,Não,"4306072",,31982
1409,Faxinal do Soturno,Não,"4308003",,31982
1410,Frederico Westphalen,Não,"4308508",,31982
1411,Silveira Martins,Não,"4320651",,31982
1412,Itaara,Não,"4310538",,31982
1413,Jaboticaba,Não,"4310850",,31982
1414,Santo Cristo,Não,"4317905",,31981
1415,São Gabriel,Não,"4318309",,31981
1416,São Martinho da Serra,Não,"4319125",,31982
1417,São Pedro do Sul,Não,"4319406",,31981
1418,São Sepé,Não,"4319604",,31982
1419,Lajeado do Bugre,Não,"4311429",,31982
1420,Liberato Salzano,Não,"4311601",,31982
1421,Nicolau Vergueiro,Não,"4312674",,31982
1422,Senador Salgado Filho,Não,"4320321",,31981
1423,Nova Boa Vista,Não,"4312955",,31982
1424,Nova Palma,Não,"4313102",,31982
1425,Novo Barreiro,Não,"4313490",,31982
1426,Novo Tiradentes,Não,"4313441",,31982
1427,Piratini,Não,"4314605",,31982
1428,Restinga Sêca,Não,"4315503",,31982
1429,Paty do Alferes,Não,"3303856",,31983
1430,Sagrada Família,Não,"4316428",,31982
1431,Santana da Boa Vista,Não,"4317004",,31982
1432,São Pedro da Aldeia,Não,"3305208",,31983
1433,São Sebastião do Alto,Não,"3305307",,31983
1434,Santo Antônio de Pádua,Não,"3304706",,31983
1435,Três Rios,Não,"3306008",,31983
1436,Major Gercino,Não,"4210209",,31982
1437,Itapiranga,Não,"4208401",,31982
1438,São José das Missões,Não,"4318457",,31982
1439,Seberi,Não,"4320206",,31982
1440,Taquaruçu do Sul,Não,"4321329",,31982
1441,Três Arroios,Não,"4321634",,31982
1442,Viadutos,Não,"4322905",,31982
1443,Itiquira,Não,"5104609",,31981
1444,Tupi Paulista,Não,"3555109",,31982
1445,Alto Garças,Não,"5100409",,31982
1446,Barão do Triunfo,Não,"4301750",,31982
1447,Caibaté,Não,"4303301",,31981
1448,Cândido Godói,Não,"4304309",,31981
1449,Candiota,Não,"4304358",,31982
1450,Cerro Largo,Não,"4305207",,31981
1451,Formigueiro,Não,"4308409",,31982
1452,Ladário,Não,"5005202",,31981
1453,Corumbá,Não,"5003207",,31981
1454,Bodoquena,Não,"5002159",,31981
1455,Rio Brilhante,Não,"5007208",,31981
1456,Maracaju,Não,"5005400",,31981
1457,Guarani das Missões,Não,"4309506",,31981
1458,Jaguarão,Não,"4311007",,31982
1459,Lavras do Sul,Não,"4311502",,31981
1460,Mata,Não,"4312104",,31981
1461,Porto Mauá,Não,"4315057",,31981
1462,Douradina,Não,"5003504",,31981
1463,Itaporã,Não,"5004502",,31981
1464,Dourados,Não,"5003702",,31981
1465,Porto Vera Cruz,Não,"4315073",,31981
1466,Santa Maria,Não,"4316907",,31982
1467,Toropi,Não,"4321493",,31981
1468,Caarapó,Não,"5002407",,31981
1469,Laguna Carapã,Não,"5005251",,31981
1470,Nioaque,Não,"5005806",,31981
1471,Alcinópolis,Não,"5000252",,31982
1472,Água Clara,Não,"5000203",,31982
1473,Ribas do Rio Pardo,Não,"5007109",,31982
1474,Bandeirantes,Não,"5001508",,31981
1475,Angélica,Não,"5000856",,31982
1476,Ivinhema,Não,"5004700",,31982
1477,Novo Horizonte do Sul,Não,"5006259",,31982
1478,Deodápolis,Não,"5003454",,31981
1479,Ubiretama,Não,"4322343",,31981
1480,Alvorada do Sul,Não,"4100806",,31982
1481,Porecatu,Não,"4120002",,31982
1482,Campina das Missões,Não,"4303707",,31981
1483,Juara,Não,"5105101",,31981
1484,Nova Ubiratã,Não,"5106240",,31981
1485,Lucas do Rio Verde,Não,"5105259",,31981
1486,Nova Mutum,Não,"5106224",,31981
1487,Nova Marilândia,Não,"5108857",,31981
1488,Nova Olímpia,Não,"5106232",,31981
1489,Nortelândia,Não,"5106000",,31981
1490,Planalto da Serra,Não,"5106455",,31981
1491,Porto dos Gaúchos,Não,"5106802",,31981
1492,Pontal do Araguaia,Não,"5106653",,31982
1493,Ribeirão Cascalheira,Não,"5107180",,31982
1494,Querência,Não,"5107065",,31982
1495,Santo Afonso,Não,"5107263",,31981
1496,São José do Xingu,Não,"5107354",,31982
1497,União do Sul,Não,"5108303",,31981
1498,Tapurah,Não,"5108006",,31981
1499,Tangará da Serra,Não,"5107958",,31981
1500,São José do Rio Claro,Não,"5107305",,31981
1501,Feliz Natal,Não,"5103700",,31982
1502,Gaúcha do Norte,Não,"5103858",,31982
1503,General Carneiro,Não,"5103908",,31982
1504,Guiratinga,Não,"5104203",,31982
1505,Jangada,Não,"5104906",,31981
1506,Nova Xavantina,Não,"5106257",,31982
1507,Nova Guarita,Não,"5108808",,31981
1508,Juscimeira,Não,"5105200",,31981
1509,Nobres,Não,"5105903",,31981
1510,Paranatinga,Não,"5106307",,31981
1511,Novo São Joaquim,Não,"5106281",,31982
1512,Poconé,Não,"5106505",,31981
1513,Ponte Branca,Não,"5106703",,31982
1514,Ribeirãozinho,Não,"5107198",,31982
1515,Charqueadas,Não,"4305355",,31982
1516,Cruzeiro do Sul,Não,"4306205",,31982
1517,Primavera do Leste,Não,"5107040",,31981
1518,Santa Carmem,Não,"5107248",,31981
1519,Porto Estrela,Não,"5106851",,31981
1520,Salto do Céu,Não,"5107750",,31981
1521,Rondonópolis,Não,"5107602",,31981
1522,Torixoréu,Não,"5108204",,31982
1523,Terra Nova do Norte,Não,"5108055",,31981
1524,Vera,Não,"5108501",,31981
1525,Sorriso,Não,"5107925",,31981
1526,São Pedro da Cipa,Não,"5107404",,31981
1527,Magda,Não,"3528304",,31982
1528,Bom Jesus do Araguaia,Não,"5101852",,31982
1529,Nova Brasilândia,Não,"5106208",,31981
1530,Lambari D'Oeste,Não,"5105234",,31981
1531,Reserva do Cabaçal,Não,"5107156",,31981
1532,São José dos Quatro Marcos,Não,"5107107",,31981
1533,Alto Boa Vista,Não,"5100359",,31982
1534,Cocalinho,Não,"5103106",,31982
1535,Canarana,Não,"5102702",,31982
1536,Brasnorte,Não,"5101902",,31981
1537,Alto Paraguai,Não,"5100508",,31981
1538,Campo Verde,Não,"5102678",,31981
1539,Campo Novo do Parecis,Não,"5102637",,31981
1540,Arenápolis,Não,"5101308",,31981
1541,Araguaiana,Não,"5101001",,31982
1542,Estrela,Não,"4307807",,31982
1543,Fazenda Vilanova,Não,"4308078",,31982
1544,General Câmara,Não,"4308805",,31982
1545,Barra do Garças,Não,"5101803",,31982
1546,Água Boa,Não,"5100201",,31982
1547,Alta Floresta,Não,"5100250",,31981
1548,Cláudia,Não,"5103056",,31981
1549,Colíder,Não,"5103205",,31981
1550,Barra do Bugres,Não,"5101704",,31981
1551,Lajeado,Não,"4311403",,31982
1552,Chapada dos Guimarães,Não,"5103007",,31981
1553,Acorizal,Não,"5100102",,31981
1554,Barão de Melgaço,Não,"5101605",,31981
1555,Araputanga,Não,"5101258",,31981
1556,Alto Araguaia,Não,"5100300",,31982
1557,Águas Mornas,Não,"4200606",,31982
1558,Maratá,Não,"4311791",,31982
1559,Mariana Pimentel,Não,"4311981",,31982
1560,Ilhota,Não,"4207106",,31982
1561,Pareci Novo,Não,"4314035",,31982
1562,Guatambú,Não,"4206652",,31982
1563,Galvão,Não,"4205605",,31982
1564,Imbituba,Não,"4207304",,31982
1565,Ituporanga,Não,"4208500",,31982
1566,Santa Clara do Sul,Não,"4316758",,31982
1567,São Jerônimo,Não,"4318408",,31982
1568,Sério,Não,"4320453",,31982
1569,Taquari,Não,"4321303",,31982
1570,Cordilheira Alta,Não,"4204350",,31982
1571,Guaraciaba,Não,"4206405",,31982
1572,Ibicaré,Não,"4206801",,31982
1573,Salvador das Missões,Não,"4316477",,31981
1574,Santiago,Não,"4317400",,31981
1575,Santo Antônio das Missões,Não,"4317707",,31981
1576,São Borja,Não,"4318002",,31981
1577,São Luiz Gonzaga,Não,"4318903",,31981
1578,São Miguel das Missões,Não,"4319158",,31981
1579,São Nicolau,Não,"4319208",,31981
1580,São Pedro do Butiá,Não,"4319372",,31981
1581,Unistalda,Não,"4322376",,31981
1582,Uruguaiana,Não,"4322400",,31981
1583,Alcantil,Não,"2500536",,31984
1584,Umuarama,Não,"4128104",,31982
1585,Envira,Não,"1301506",,31979
1586,Uiramutã,Não,"1400704",,31974
1587,Barra do Quaraí,Não,"4301875",,31981
1588,Pacaraima,Não,"1400456",,31974
1589,Herval d'Oeste,Não,"4206702",,31982
1590,Concórdia,Não,"4204301",,31982
1591,Caçador,Não,"4203006",,31982
1592,Grão-Pará,Não,"4206108",,31982
1593,Almirante Tamandaré,Não,"4100400",,31982
1594,Araruna,Não,"4101705",,31982
1595,Maturéia,Não,"2509396",,31984
1596,Riacho de Santo Antônio,Não,"2512788",,31984
1597,Cerro Corá,Não,"2402709",,31984
1598,Rio Novo,Não,"3155405",,31983
1599,Tabuleiro,Não,"3167905",,31983
1600,Faxinal,Não,"4107603",,31982
1601,Belford Roxo,Não,"3300456",,31983
1602,Barra Mansa,Não,"3300407",,31983
1603,Mangaratiba,Não,"3302601",,31983
1604,Queimados,Não,"3304144",,31983
1605,Frei Inocêncio,Não,"3126901",,31984
1606,Ilhabela,Não,"3520400",,31983
1607,Caldas Brandão,Não,"2503803",,31985
1608,Itaquaquecetuba,Não,"3523107",,31983
1609,Mogi das Cruzes,Não,"3530607",,31983
1610,São Sebastião,Não,"3550704",,31983
1611,Couto Magalhães,Não,"1706001",,31982
1612,Araguatins,Não,"1702208",,31982
1613,Nova Nazaré,Não,"5106174",,31982
1614,Rio Branco,Não,"5107206",,31981
1615,Ipueiras,Não,"1709807",,31982
1616,São Valério,Não,"1720499",,31982
1617,Jaraguari,Não,"5004908",,31981
1618,Várzea Grande,Não,"5108402",,31981
1619,Mirassol d'Oeste,Não,"5105622",,31981
1620,Campinápolis,Não,"5102603",,31982
1621,Esperantinópolis,Não,"2104008",,31983
1622,Borborema,Não,"2502706",,31985
1623,Belém do São Francisco,Não,"2601607",,31984
1624,Campina Grande,Não,"2504009",,31985
1625,Santa Luzia,Não,"3157807",,31983
1626,Juarez Távora,Não,"2507606",,31985
1627,Massaranduba,Não,"2509206",,31985
1628,Remígio,Não,"2512705",,31985
1629,Passagem,Não,"2409209",,31985
1630,Pedra Azul,Não,"3148707",,31984
1631,Salto da Divisa,Não,"3157104",,31984
1632,Lagoa d'Anta,Não,"2406205",,31985
1633,São Félix de Balsas,Não,"2110807",,31983
1634,Caxias,Não,"2103000",,31983
1635,Itacuruba,Não,"2607406",,31984
1636,Juripiranga,Não,"2507903",,31985
1637,Caaporã,Não,"2503001",,31985
1638,Cabedelo,Não,"2503209",,31985
1639,Ernestina,Não,"4307054",,31982
1640,Ipatinga,Não,"3131307",,31983
1641,Nova Lima,Não,"3144805",,31983
1642,Ouro Preto,Não,"3146107",,31983
1643,Piumhi,Não,"3151503",,31983
1644,Sabará,Não,"3156700",,31983
1645,Sete Lagoas,Não,"3167202",,31983
1646,Carambeí,Não,"4104659",,31982
1647,Salto do Itararé,Não,"4122909",,31982
1648,Pompéu,Não,"3152006",,31983
1649,Arroio dos Ratos,Não,"4301107",,31982
1650,Confins,Não,"3117876",,31983
1651,Corinto,Não,"3119104",,31983
1652,Garibaldi,Não,"4308607",,31982
1653,Independência,Não,"4310405",,31981
1654,Itacurubi,Não,"4310553",,31981
1655,Ivoti,Não,"4310801",,31982
1656,Nova Petrópolis,Não,"4313201",,31982
1657,Rio Grande,Não,"4315602",,31982
1658,São Sebastião do Caí,Não,"4319505",,31982
1659,Cristiano Otoni,Não,"3120409",,31983
1660,Vera Cruz,Não,"4322707",,31982
1661,Trombudo Central,Não,"4218608",,31982
1662,Urubici,Não,"4218905",,31982
1663,Cachoeirinha,Não,"4303103",,31982
1664,Campo Bom,Não,"4303905",,31982
1665,Ministro Andreazza,Não,"1101203",,31980
1666,Mirante da Serra,Não,"1101302",,31980
1667,Xanxerê,Não,"4219507",,31982
1668,Xaxim,Não,"4219705",,31982
1669,Canela,Não,"4304408",,31982
1670,Capão do Leão,Não,"4304663",,31982
1671,Caxias do Sul,Não,"4305108",,31982
1672,Carazinho,Não,"4304705",,31982
1673,Cerrito,Não,"4305124",,31982
1674,Brasiléia,Não,"1200104",,31979
1675,Epitaciolândia,Não,"1200252",,31979
1676,Cidreira,Não,"4305454",,31982
1677,Colinas,Não,"4305587",,31982
1678,Tabaí,Não,"4320859",,31982
1679,Tupandi,Não,"4322251",,31982
1680,União da Serra,Não,"4322350",,31982
1681,Itueta,Não,"3134103",,31984
1682,Alegrete,Não,"4300406",,31981
1683,Vilhena,Não,"1100304",,31980
1684,Alto Alegre dos Parecis,Não,"1100379",,31980
1685,Santa Rosa do Purus,Não,"1200435",,31979
1686,Sena Madureira,Não,"1200500",,31979
1687,Marechal Thaumaturgo,Não,"1200351",,31978
1688,Coari,Não,"1301209",,31980
1689,Guajará,Não,"1301654",,31978
1690,Carauari,Não,"1301001",,31979
1691,Caracaraí,Não,"1400209",,31974
1692,Anajás,Não,"1500701",,31982
1693,Monte Alegre,Não,"1504802",,31981
1694,Mazagão,Não,"1600402",,31982
1695,Piraí,Não,"3304003",,31983
1696,Rolim de Moura,Não,"1100288",,31980
1697,Guajará-Mirim,Não,"1100106",,31980
1698,Careiro,Não,"1301100",,31980
1699,Tatuí,Não,"3554003",,31983
1700,Manaquiri,Não,"1302553",,31980
1701,Beruri,Não,"1300631",,31980
1702,Apiacás,Não,"5100805",,31981
1703,Carlinda,Não,"5102793",,31981
1704,Nova Monte Verde,Não,"5108956",,31981
1705,Matupá,Não,"5105606",,31981
1706,Nova Canaã do Norte,Não,"5106216",,31981
1707,Aveiro,Não,"1501006",,31981
1708,Anapu,Não,"1500859",,31982
1709,Cametá,Não,"1502103",,31982
1710,Gurupá,Não,"1503101",,31982
1711,Muaná,Não,"1504901",,31982
1712,Manoel Urbano,Não,"1200344",,31979
1713,Assis Brasil,Não,"1200054",,31979
1714,Jordão,Não,"1200328",,31979
1715,Feijó,Não,"1200302",,31979
1716,Tarauacá,Não,"1200609",,31979
1717,Plácido de Castro,Não,"1200385",,31979
1718,Bujari,Não,"1200138",,31979
1719,Silves,Não,"1304005",,31981
1720,Uarini,Não,"1304260",,31980
1721,Parintins,Não,"1303403",,31981
1722,Tabatinga,Não,"1304062",,31979
1723,Boa Vista do Ramos,Não,"1300680",,31981
1724,Barcelos,Não,"1300409",,31980
1725,Careiro da Várzea,Não,"1301159",,31981
1726,Nova Olinda do Norte,Não,"1303106",,31981
1727,Maués,Não,"1302900",,31981
1728,Paraíso do Sul,Não,"4314027",,31982
1729,Manacapuru,Não,"1302504",,31980
1730,Urucurituba,Não,"1304401",,31981
1731,Fernando de Noronha,Não,"2605459",,31985
1732,Balneário Barra do Sul,Não,"4202057",,31982
1733,Barreirinha,Não,"1300508",,31981
1734,Urucará,Não,"1304302",,31981
1735,São Sebastião do Uatumã,Não,"1303957",,31981
1736,Itapiranga,Não,"1302009",,31981
1737,Itacoatiara,Não,"1301902",,31981
1738,Codajás,Não,"1301308",,31980
1739,Borba,Não,"1300805",,31981
1740,Novo Aripuanã,Não,"1303304",,31980
1741,Apuí,Não,"1300144",,31981
1742,Humaitá,Não,"1301704",,31980
1743,Lábrea,Não,"1302405",,31980
1744,Pauini,Não,"1303502",,31979
1745,Iranduba,Não,"1301852",,31980
1746,Anori,Não,"1300102",,31980
1747,Tonantins,Não,"1304237",,31979
1748,São Gabriel da Cachoeira,Não,"1303809",,31973
1749,Canutama,Não,"1300904",,31980
1750,Santa Isabel do Rio Negro,Não,"1303601",,31980
1751,Maraã,Não,"1302801",,31980
1752,Alvarães,Não,"1300029",,31980
1753,Tefé,Não,"1304203",,31980
1754,Novo Airão,Não,"1303205",,31980
1755,Caapiranga,Não,"1300839",,31980
1756,Timbó,Não,"4218202",,31982
1757,Barra Bonita,Não,"4202099",,31982
1758,Rancho Queimado,Não,"4214300",,31982
1759,São Francisco do Sul,Não,"4216206",,31982
1760,Anamã,Não,"1300086",,31980
1761,Presidente Figueiredo,Não,"1303536",,31980
1762,Nhamundá,Não,"1303007",,31981
1763,Rio Preto da Eva,Não,"1303569",,31981
1764,Autazes,Não,"1300300",,31981
1765,Balneário Camboriú,Não,"4202008",,31982
1766,Barracão,Não,"4301800",,31982
1767,Mucajaí,Não,"1400308",,31974
1768,Iracema,Não,"1400282",,31974
1769,Cantá,Não,"1400175",,31974
1770,Caroebe,Não,"1400233",,31975
1771,São João da Baliza,Não,"1400506",,31975
1772,São Luiz,Não,"1400605",,31974
1773,Campo Erê,Não,"4203501",,31982
1774,Monte Negro,Não,"1101401",,31980
1775,Pimenta Bueno,Não,"1100189",,31980
1776,Monte Carlo,Não,"4211058",,31982
1777,Primavera de Rondônia,Não,"1101476",,31980
1778,Presidente Médici,Não,"1100254",,31980
1779,São Francisco do Guaporé,Não,"1101492",,31980
1780,Theobroma,Não,"1101609",,31980
1781,Cacaulândia,Não,"1100601",,31980
1782,Espigão D'Oeste,Não,"1100098",,31980
1783,Chupinguaia,Não,"1100924",,31980
1784,Governador Jorge Teixeira,Não,"1101005",,31980
1785,Alta Floresta D'Oeste,Não,"1100015",,31980
1786,Cabixi,Não,"1100031",,31980
1787,Cerejeiras,Não,"1100056",,31980
1788,Corumbiara,Não,"1100072",,31980
1789,Candeias do Jamari,Não,"1100809",,31980
1790,Ariquemes,Não,"1100023",,31980
1791,Alto Paraíso,Não,"1100403",,31980
1792,Buritis,Não,"1100452",,31980
1793,Campo Novo de Rondônia,Não,"1100700",,31980
1794,Costa Marques,Não,"1100080",,31980
1795,Itapuã do Oeste,Não,"1101104",,31980
1796,Colorado do Oeste,Não,"1100064",,31980
1797,Cacoal,Não,"1100049",,31980
1798,Ji-Paraná,Não,"1100122",,31980
1799,Cruzeiro do Sul,Não,"1200203",,31978
1800,Rodrigues Alves,Não,"1200427",,31978
1801,Porto Walter,Não,"1200393",,31978
1802,Mâncio Lima,Não,"1200336",,31978
1803,Porto Acre,Não,"1200807",,31979
1804,Senador Guiomard,Não,"1200450",,31979
1805,Capixaba,Não,"1200179",,31979
1806,Xapuri,Não,"1200708",,31979
1807,Juruti,Não,"1503903",,31981
1808,Marabá,Não,"1504208",,31982
1809,Soure,Não,"1507904",,31982
1810,Santarém,Não,"1506807",,31981
1811,Cachoeira do Piriá,Não,"1501956",,31983
1812,Capitão Poço,Não,"1502301",,31983
1813,Garrafão do Norte,Não,"1503077",,31983
1814,Curuçá,Não,"1502905",,31983
1815,Igarapé-Açu,Não,"1503200",,31983
1816,Irituia,Não,"1503507",,31983
1817,Nova Ipixuna,Não,"1504976",,31982
1818,Ourém,Não,"1505403",,31983
1819,Maracanã,Não,"1504307",,31983
1820,Primavera,Não,"1506104",,31983
1821,Peixe-Boi,Não,"1505601",,31983
1822,Quatipuru,Não,"1506112",,31983
1823,Colares,Não,"1502608",,31982
1824,Chaves,Não,"1502509",,31976
1825,Salinópolis,Não,"1506203",,31983
1826,Viseu,Não,"1508308",,31983
1827,Ulianópolis,Não,"1508126",,31983
1828,São João de Pirabas,Não,"1507474",,31983
1829,Tracuateua,Não,"1508035",,31983
1830,Santa Luzia do Pará,Não,"1506559",,31983
1831,Santarém Novo,Não,"1506906",,31983
1832,Pastos Bons,Não,"2108009",,31983
1833,Mirador,Não,"2106706",,31983
1834,Terra Alta,Não,"1507961",,31983
1835,Santa Izabel do Pará,Não,"1506500",,31982
1836,Sucupira do Norte,Não,"2111904",,31983
1837,Sucupira do Riachão,Não,"2111953",,31983
1838,Benevides,Não,"1501501",,31982
1839,Goianésia do Pará,Não,"1503093",,31982
1840,Faro,Não,"1503002",,31981
1841,Itaituba,Não,"1503606",,31981
1842,Nova Esperança do Piriá,Não,"1504950",,31983
1843,Ananindeua,Não,"1500800",,31982
1844,Bujaru,Não,"1501907",,31982
1845,Cachoeira do Arari,Não,"1502004",,31982
1846,Castanhal,Não,"1502400",,31983
1847,Concórdia do Pará,Não,"1502756",,31983
1848,Ipiranga de Goiás,Não,"5210158",,31982
1849,Inhangapi,Não,"1503408",,31983
1850,Ipixuna do Pará,Não,"1503457",,31983
1851,Igarapé-Miri,Não,"1503309",,31982
1852,Moju,Não,"1504703",,31982
1853,Limoeiro do Ajuru,Não,"1504000",,31982
1854,Oeiras do Pará,Não,"1505205",,31982
1855,Mocajuba,Não,"1504604",,31982
1856,Novo Repartimento,Não,"1505064",,31982
1857,Ponta de Pedras,Não,"1505700",,31982
1858,Itaguari,Não,"5210562",,31982
1859,Santo Antônio do Tauá,Não,"1507003",,31982
1860,Bonópolis,Não,"5203575",,31982
1861,Paranaiguara,Não,"5216304",,31982
1862,Itajá,Não,"5210802",,31982
1863,Aporé,Não,"5201504",,31982
1864,Tomé-Açu,Não,"1508001",,31982
1865,Jacundá,Não,"1503804",,31982
1866,Medicilândia,Não,"1504455",,31982
1867,Melgaço,Não,"1504505",,31982
1868,Palestina do Pará,Não,"1505494",,31982
1869,Salvaterra,Não,"1506302",,31982
1870,Piçarra,Não,"1505635",,31982
1871,Prainha,Não,"1506005",,31982
1872,Santa Cruz do Arari,Não,"1506401",,31982
1873,Aurora do Pará,Não,"1500958",,31983
1874,Aparecida do Rio Doce,Não,"5201454",,31982
1875,Caçu,Não,"5204300",,31982
1876,Perolândia,Não,"5216452",,31982
1877,Jataí,Não,"5211909",,31982
1878,Serranópolis,Não,"5220504",,31982
1879,Itaberaí,Não,"5210406",,31982
1880,São Luiz do Norte,Não,"5220157",,31982
1881,Firminópolis,Não,"5207808",,31982
1882,Sanclerlândia,Não,"5219001",,31982
1883,Bom Jesus do Tocantins,Não,"1501576",,31982
1884,Brejo Grande do Araguaia,Não,"1501758",,31982
1885,Conceição do Araguaia,Não,"1502707",,31982
1886,Curionópolis,Não,"1502772",,31982
1887,Placas,Não,"1505650",,31981
1888,Portel,Não,"1505809",,31982
1889,Rio Maria,Não,"1506161",,31982
1890,Redenção,Não,"1506138",,31982
1891,São Geraldo do Araguaia,Não,"1507458",,31982
1892,Sapucaia,Não,"1507755",,31982
1893,Xinguara,Não,"1508407",,31982
1894,São Domingos do Araguaia,Não,"1507151",,31982
1895,Acará,Não,"1500206",,31982
1896,Abaetetuba,Não,"1500107",,31982
1897,Marituba,Não,"1504422",,31982
1898,Paragominas,Não,"1505502",,31983
1899,Parauapebas,Não,"1505536",,31982
1900,Pau D'Arco,Não,"1505551",,31982
1901,Rondon do Pará,Não,"1506187",,31982
1902,Bonito,Não,"1501600",,31983
1903,São Domingos do Capim,Não,"1507201",,31983
1904,Santa Maria das Barreiras,Não,"1506583",,31982
1905,Santana do Araguaia,Não,"1506708",,31982
1906,Bagre,Não,"1501105",,31982
1907,Augusto Corrêa,Não,"1500909",,31983
1908,Bragança,Não,"1501709",,31983
1909,Bom Jardim,Não,"3300506",,31983
1910,Barcarena,Não,"1501303",,31982
1911,Baião,Não,"1501204",,31982
1912,Altamira,Não,"1500602",,31981
1913,Brasil Novo,Não,"1501725",,31982
1914,Almeirim,Não,"1500503",,31975
1915,Mãe do Rio,Não,"1504059",,31983
1916,Mojuí dos Campos,Não,"1504752",,31981
1917,Porto de Moz,Não,"1505908",,31982
1918,Casimiro de Abreu,Não,"3301306",,31983
1919,Arraial do Cabo,Não,"3300258",,31983
1920,Breu Branco,Não,"1501782",,31982
1921,Canaã dos Carajás,Não,"1502152",,31982
1922,Curuá,Não,"1502855",,31981
1923,Curralinho,Não,"1502806",,31982
1924,Dom Eliseu,Não,"1502939",,31983
1925,Serra do Navio,Não,"1600055",,31976
1926,Pedra Branca do Amapari,Não,"1600154",,31976
1927,Itaubal,Não,"1600253",,31976
1928,Ferreira Gomes,Não,"1600238",,31976
1929,Amapá,Não,"1600105",,31976
1930,Alvorada,Não,"1700707",,31982
1931,Itupiranga,Não,"1503705",,31982
1932,Óbidos,Não,"1505106",,31975
1933,Oriximiná,Não,"1505304",,31975
1934,Jacareacanga,Não,"1503754",,31981
1935,Marapanim,Não,"1504406",,31983
1936,Aurora do Tocantins,Não,"1702703",,31983
1937,Conceição do Tocantins,Não,"1705607",,31983
1938,Combinado,Não,"1705557",,31983
1939,Ananás,Não,"1701002",,31982
1940,Campos Lindos,Não,"1703842",,31983
1941,Afonso Cunha,Não,"2100105",,31983
1942,Magalhães Barata,Não,"1504109",,31983
1943,Nova Timboteua,Não,"1505007",,31983
1944,Alcântara,Não,"2100204",,31983
1945,Fernando Falcão,Não,"2104081",,31983
1946,Urbano Santos,Não,"2112605",,31983
1947,São João da Ponta,Não,"1507466",,31983
1948,São Caetano de Odivelas,Não,"1507102",,31982
1949,Balsas,Não,"2101400",,31983
1950,Arame,Não,"2100956",,31983
1951,Barra do Corda,Não,"2101608",,31983
1952,Arari,Não,"2101004",,31983
1953,Santa Maria do Pará,Não,"1506609",,31983
1954,São Miguel do Guamá,Não,"1507607",,31983
1955,São Francisco do Pará,Não,"1507409",,31983
1956,Santa Bárbara do Pará,Não,"1506351",,31982
1957,São Sebastião da Boa Vista,Não,"1507706",,31982
1958,Tailândia,Não,"1507953",,31982
1959,São João do Araguaia,Não,"1507508",,31982
1960,Senador José Porfírio,Não,"1507805",,31982
1961,Vitória do Xingu,Não,"1508357",,31982
1962,Uruará,Não,"1508159",,31982
1963,Terra Santa,Não,"1507979",,31981
1964,Tucuruí,Não,"1508100",,31982
1965,São Félix do Xingu,Não,"1507300",,31982
1966,Tucumã,Não,"1508084",,31982
1967,Calçoene,Não,"1600204",,31976
1968,Oiapoque,Não,"1600501",,31976
1969,Tartarugalzinho,Não,"1600709",,31976
1970,Cutias,Não,"1600212",,31976
1971,Porto Grande,Não,"1600535",,31976
1972,Angico,Não,"1701051",,31983
1973,Caseara,Não,"1703909",,31982
1974,Peixe,Não,"1716604",,31982
1975,Pium,Não,"1717503",,31982
1976,São Salvador do Tocantins,Não,"1720259",,31982
1977,Taguatinga,Não,"1720903",,31983
1978,Sandolândia,Não,"1718840",,31982
1979,Talismã,Não,"1720978",,31982
1980,Cachoeirinha,Não,"1703826",,31983
1981,Aguiarnópolis,Não,"1700301",,31983
1982,Darcinópolis,Não,"1706506",,31983
1983,Babaçulândia,Não,"1703008",,31983
1984,Araguanã,Não,"1702158",,31982
1985,Carmolândia,Não,"1703883",,31982
1986,Aragominas,Não,"1701309",,31982
1987,Arapoema,Não,"1702307",,31982
1988,Bernardo Sayão,Não,"1703206",,31982
1989,Bom Jesus do Tocantins,Não,"1703305",,31983
1990,Aparecida do Rio Negro,Não,"1701101",,31982
1991,Piraquê,Não,"1717206",,31982
1992,Pau D'Arco,Não,"1716307",,31982
1993,Pedro Afonso,Não,"1716505",,31982
1994,Tocantinópolis,Não,"1721208",,31983
1995,Alto Alegre do Maranhão,Não,"2100436",,31983
1996,Santa Terezinha do Tocantins,Não,"1720002",,31983
1997,Riachinho,Não,"1718550",,31982
1998,Wanderlândia,Não,"1722081",,31983
1999,Xambioá,Não,"1722107",,31982
2000,Tupiratins,Não,"1721307",,31982
2001,Dianópolis,Não,"1707009",,31983
2002,Almas,Não,"1700400",,31983
2003,Chapada da Natividade,Não,"1705102",,31983
2004,Brasilândia do Tocantins,Não,"1703602",,31982
2005,Rio da Conceição,Não,"1718659",,31983
2006,Silvanópolis,Não,"1720655",,31982
2007,Santa Rosa do Tocantins,Não,"1718907",,31982
2008,Rio dos Bois,Não,"1718709",,31982
2009,Tocantínia,Não,"1721109",,31982
2010,Araguacema,Não,"1701903",,31982
2011,Brejinho de Nazaré,Não,"1703701",,31982
2012,Fátima,Não,"1707553",,31982
2013,Cristalândia,Não,"1706100",,31982
2014,Crixás do Tocantins,Não,"1706258",,31982
2015,Aliança do Tocantins,Não,"1700350",,31982
2016,Luzinópolis,Não,"1712454",,31983
2017,Nazaré,Não,"1714302",,31983
2018,Juarina,Não,"1711803",,31982
2019,Novo Acordo,Não,"1715101",,31983
2020,Lagoa do Tocantins,Não,"1711951",,31983
2021,Mateiros,Não,"1712702",,31983
2022,Novo Jardim,Não,"1715259",,31983
2023,Monte do Carmo,Não,"1713601",,31982
2024,Natividade,Não,"1714203",,31983
2025,Itaporã do Tocantins,Não,"1711100",,31982
2026,Guaraí,Não,"1709302",,31982
2027,Goianorte,Não,"1708304",,31982
2028,Miracema do Tocantins,Não,"1713205",,31982
2029,Lajeado,Não,"1712009",,31982
2030,Miranorte,Não,"1713304",,31982
2031,Paraíso do Tocantins,Não,"1716109",,31982
2032,Monte Santo do Tocantins,Não,"1713700",,31982
2033,Marianópolis do Tocantins,Não,"1712504",,31982
2034,Nova Rosalândia,Não,"1715002",,31982
2035,Mataraca,Não,"2509305",,31985
2036,Oliveira de Fátima,Não,"1715507",,31982
2037,Gurupi,Não,"1709500",,31982
2038,Figueirópolis,Não,"1707652",,31982
2039,Itacajá,Não,"1710508",,31983
2040,Palmeirópolis,Não,"1715754",,31982
2041,Jaú do Tocantins,Não,"1711506",,31982
2042,Lagoa da Confusão,Não,"1711902",,31982
2043,Formoso do Araguaia,Não,"1708205",,31982
2044,Lavandeira,Não,"1712157",,31983
2045,Novo Alegre,Não,"1715150",,31983
2046,Palmeirante,Não,"1715705",,31982
2047,Pugmil,Não,"1718451",,31982
2048,Taipas do Tocantins,Não,"1720937",,31983
2049,São Bento do Tocantins,Não,"1720101",,31983
2050,Rio Sono,Não,"1718758",,31983
2051,Tupirama,Não,"1721257",,31982
2052,Santa Tereza do Tocantins,Não,"1719004",,31983
2053,Urutaí,Não,"5221809",,31982
2054,Montadas,Não,"2509503",,31985
2055,Rianápolis,Não,"5218706",,31982
2056,Sítio d'Abadia,Não,"5220702",,31983
2057,São João d'Aliança,Não,"5220009",,31983
2058,Rialma,Não,"5218607",,31982
2059,Novo Brasil,Não,"5215207",,31982
2060,Amaralina,Não,"5200829",,31982
2061,Edealina,Não,"5207352",,31982
2062,Joviânia,Não,"5212105",,31982
2063,Água Fria de Goiás,Não,"5200175",,31983
2064,Itarumã,Não,"5211305",,31982
2065,São Bento,Não,"2513901",,31984
2066,São Simão,Não,"5220405",,31982
2067,Portelândia,Não,"5218102",,31982
2068,Santa Rita do Araguaia,Não,"5219407",,31982
2069,Chapadão do Céu,Não,"5205471",,31982
2070,Diorama,Não,"5207105",,31982
2071,Israelândia,Não,"5210307",,31982
2072,Iporá,Não,"5210208",,31982
2073,Amorinópolis,Não,"5200902",,31982
2074,Fazenda Nova,Não,"5207600",,31982
2075,Moiporá,Não,"5213400",,31982
2076,Ivolândia,Não,"5211602",,31982
2077,Jussara,Não,"5212204",,31982
2078,Santa Fé de Goiás,Não,"5219258",,31982
2079,Jaupaci,Não,"5212006",,31982
2080,Nova América,Não,"5214705",,31982
2081,Olivença,Não,"2706000",,31984
2082,São Patrício,Não,"5220280",,31982
2083,Morro Agudo de Goiás,Não,"5213855",,31982
2084,Heitoraí,Não,"5209606",,31982
2085,Itapuranga,Não,"5211206",,31982
2086,Guaraíta,Não,"5209291",,31982
2087,Turvânia,Não,"5221502",,31982
2088,Goiás,Não,"5208905",,31982
2089,Mossâmedes,Não,"5213905",,31982
2090,Anicuns,Não,"5201306",,31982
2091,Nova Glória,Não,"5214861",,31982
2092,Itauçu,Não,"5211404",,31982
2093,Itapirapuã,Não,"5211008",,31982
2094,Córrego do Ouro,Não,"5205703",,31982
2095,São Luís de Montes Belos,Não,"5220108",,31982
2096,Cachoeira de Goiás,Não,"5204201",,31982
2097,Hidrolina,Não,"5209804",,31982
2098,Pilar de Goiás,Não,"5216908",,31982
2099,Guarinos,Não,"5209457",,31982
2100,Santa Terezinha de Goiás,Não,"5219704",,31982
2101,Mozarlândia,Não,"5214002",,31982
2102,Goianinha,Não,"2404200",,31985
2103,Teresina de Goiás,Não,"5221080",,31983
2104,Professor Jamil,Não,"5218391",,31982
2105,Piracanjuba,Não,"5217104",,31982
2106,Rio Quente,Não,"5218789",,31982
2107,Morrinhos,Não,"5213806",,31982
2108,Marzagão,Não,"5212907",,31982
2109,Orizona,Não,"5215306",,31982
2110,São Miguel do Passa Quatro,Não,"5220264",,31982
2111,Cristianópolis,Não,"5206305",,31982
2112,Pires do Rio,Não,"5217401",,31982
2113,Palmelo,Não,"5215801",,31982
2114,Santa Cruz de Goiás,Não,"5219209",,31982
2115,Santa Tereza de Goiás,Não,"5219605",,31982
2116,Mutunópolis,Não,"5214101",,31982
2117,Mara Rosa,Não,"5212808",,31982
2118,Campinorte,Não,"5204706",,31982
2119,Novo Planalto,Não,"5215256",,31982
2120,Barros Cassal,Não,"4302006",,31982
2121,São Miguel do Araguaia,Não,"5220207",,31982
2122,Alto Horizonte,Não,"5200555",,31982
2123,Nova Iguaçu de Goiás,Não,"5214879",,31982
2124,Campos Verdes,Não,"5204953",,31982
2125,Mundo Novo,Não,"5214051",,31982
2126,Nova Crixás,Não,"5214838",,31982
2127,Uirapuru,Não,"5221577",,31982
2128,Montividiu do Norte,Não,"5213772",,31982
2129,Trombas,Não,"5221452",,31982
2130,Campos Belos,Não,"5204904",,31983
2131,Aloândia,Não,"5200506",,31982
2132,Damianópolis,Não,"5206701",,31983
2133,Buritinópolis,Não,"5203962",,31983
2134,Alvorada do Norte,Não,"5200803",,31983
2135,Lagoa Santa,Não,"5212253",,31982
2136,Cachoeira Alta,Não,"5204102",,31982
2137,Montes Claros de Goiás,Não,"5213707",,31982
2138,Arenópolis,Não,"5202353",,31982
2139,Barro Alto,Não,"5203203",,31982
2140,Araçu,Não,"5201603",,31982
2141,Avelinópolis,Não,"5202809",,31982
2142,Americano do Brasil,Não,"5200852",,31982
2143,Rubiataba,Não,"5218904",,31982
2144,Carmo do Rio Verde,Não,"5205000",,31982
2145,Uruana,Não,"5221700",,31982
2146,Santa Bárbara de Goiás,Não,"5219100",,31982
2147,Campestre de Goiás,Não,"5204607",,31982
2148,Itaguaru,Não,"5210604",,31982
2149,Taquaral de Goiás,Não,"5221007",,31982
2150,Guarani de Goiás,Não,"5209408",,31983
2151,Iaciara,Não,"5209903",,31983
2152,Nova Roma,Não,"5214903",,31983
2153,São Domingos,Não,"5219803",,31983
2154,Monte Alegre de Goiás,Não,"5213509",,31983
2155,Posse,Não,"5218300",,31983
2156,Cromínia,Não,"5206503",,31982
2157,Mairipotaba,Não,"5212600",,31982
2158,Vicentinópolis,Não,"5222054",,31982
2159,Indiara,Não,"5209952",,31982
2160,Jandaia,Não,"5211701",,31982
2161,Edéia,Não,"5207402",,31982
2162,Santo Antônio da Barra,Não,"5219712",,31982
2163,Caldas Novas,Não,"5204508",,31982
2164,Ipameri,Não,"5210109",,31982
2165,Minaçu,Não,"5213087",,31982
2166,Cavalcante,Não,"5205307",,31983
2167,Alto Paraíso de Goiás,Não,"5200605",,31983
2168,Colinas do Sul,Não,"5205521",,31982
2169,Porangatu,Não,"5218003",,31982
2170,Campinaçu,Não,"5204656",,31982
2171,Formoso,Não,"5208103",,31982
2172,Estrela do Norte,Não,"5207501",,31982
2173,Caiapônia,Não,"5204409",,31982
2174,Bom Jesus de Goiás,Não,"5203500",,31982
2175,Turvelândia,Não,"5221551",,31982
2176,Castelândia,Não,"5205059",,31982
2177,Inaciolândia,Não,"5209937",,31982
2178,Gouvelândia,Não,"5209150",,31982
2179,Acreúna,Não,"5200134",,31982
2180,Nazário,Não,"5214408",,31982
2181,Ielmo Marinho,Não,"2404606",,31985
2182,Adelândia,Não,"5200159",,31982
2183,Guapó,Não,"5209200",,31982
2184,Palmeiras de Goiás,Não,"5215702",,31982
2185,Firmino Alves,Não,"2910909",,31984
2186,Palminópolis,Não,"5215900",,31982
2187,Itapaci,Não,"5210901",,31982
2188,Santa Helena de Goiás,Não,"5219308",,31982
2189,Rio Verde,Não,"5218805",,31982
2190,Montividiu,Não,"5213756",,31982
2191,Maurilândia,Não,"5213004",,31982
2192,Quirinópolis,Não,"5218508",,31982
2193,São João da Paraúna,Não,"5220058",,31982
2194,Araguapaz,Não,"5202155",,31982
2195,Faina,Não,"5207535",,31982
2196,Buriti de Goiás,Não,"5203939",,31982
2197,Niquelândia,Não,"5214606",,31982
2198,Uruaçu,Não,"5221601",,31982
2199,Divinópolis de Goiás,Não,"5208301",,31983
2200,Porteirão,Não,"5218052",,31982
2201,Flores de Goiás,Não,"5207907",,31983
2202,Simolândia,Não,"5220686",,31983
2203,Paraúna,Não,"5216403",,31982
2204,Crixás,Não,"5206404",,31982
2205,Cambuci,Não,"3300902",,31984
2206,Conceição de Macabu,Não,"3301405",,31984
2207,Macaé,Não,"3302403",,31983
2208,Ibiassucê,Não,"2912004",,31983
2209,Barretos,Não,"3505500",,31982
2210,Duas Barras,Não,"3301603",,31983
2211,Engenheiro Paulo de Frontin,Não,"3301801",,31983
2212,Itatiaia,Não,"3302254",,31983
2213,Carmo,Não,"3301207",,31983
2214,Silva Jardim,Não,"3305604",,31983
2215,Arataca,Não,"2902252",,31984
2216,Barro Preto,Não,"2903300",,31984
2217,Cachoeiras de Macacu,Não,"3300803",,31983
2218,Guapimirim,Não,"3301850",,31983
2219,Caetité,Não,"2905206",,31983
2220,Camacan,Não,"2905602",,31984
2221,Condeúba,Não,"2908705",,31983
2222,Areal,Não,"3300225",,31983
2223,Comendador Levy Gasparian,Não,"3300951",,31983
2224,Rio do Sul,Não,"4214805",,31982
2225,Magé,Não,"3302502",,31983
2226,Salto Veloso,Não,"4215406",,31982
2227,Santa Terezinha,Não,"4215679",,31982
2228,Sumidouro,Não,"3305703",,31983
2229,São José do Vale do Rio Preto,Não,"3305158",,31983
2230,Saquarema,Não,"3305505",,31983
2231,Valença,Não,"3306107",,31983
2232,Vassouras,Não,"3306206",,31983
2233,Sapucaia,Não,"3305406",,31983
2234,Laje do Muriaé,Não,"3302304",,31983
2235,Aperibé,Não,"3300159",,31983
2236,Itaocara,Não,"3302106",,31983
2237,Teresópolis,Não,"3305802",,31983
2238,Macuco,Não,"3302452",,31983
2239,Cantagalo,Não,"3301108",,31983
2240,Itaguaí,Não,"3302007",,31983
2241,Iguaba Grande,Não,"3301876",,31983
2242,Maricá,Não,"3302700",,31983
2243,Armação dos Búzios,Não,"3300233",,31984
2244,Duque de Caxias,Não,"3301702",,31983
2245,Angra dos Reis,Não,"3300100",,31983
2246,São José de Ubá,Não,"3305133",,31984
2247,Santa Maria Madalena,Não,"3304607",,31984
2248,Quissamã,Não,"3304151",,31984
2249,Porciúncula,Não,"3304102",,31984
2250,Araruama,Não,"3300209",,31983
2251,Trajano de Moraes,Não,"3305901",,31983
2252,Petrópolis,Não,"3303906",,31983
2253,Paraíba do Sul,Não,"3303708",,31983
2254,Nova Friburgo,Não,"3303401",,31983
2255,Rio Bonito,Não,"3304300",,31983
2256,Miguel Pereira,Não,"3302908",,31983
2257,Nilópolis,Não,"3303203",,31983
2258,Rio das Flores,Não,"3304508",,31983
2259,Riachão do Poço,Não,"2512762",,31985
2260,Alfredo Wagner,Não,"4200705",,31982
2261,Bombinhas,Não,"4202453",,31982
2262,Mendes,Não,"3302809",,31983
2263,São José,Não,"4216602",,31982
2264,Pinheiral,Não,"3303955",,31983
2265,Paracambi,Não,"3303609",,31983
2266,Quatis,Não,"3304128",,31983
2267,Gaspar,Não,"4205902",,31982
2268,Porto Real,Não,"3304110",,31983
2269,Rio Claro,Não,"3304409",,31983
2270,Ibiam,Não,"4206751",,31982
2271,Natividade,Não,"3303104",,31984
2272,Paraty,Não,"3303807",,31983
2273,Sangão,Não,"4215455",,31982
2274,Miracema,Não,"3303005",,31983
2275,Nova Iguaçu,Não,"3303500",,31983
2276,Resende,Não,"3304201",,31983
2277,Mesquita,Não,"3302858",,31983
2278,São Francisco de Itabapoana,Não,"3304755",,31984
2279,São Fidélis,Não,"3304805",,31984
2280,Rio do Oeste,Não,"4214607",,31982
2281,Taió,Não,"4217808",,31982
2282,Figueirão,Não,"5003900",,31982
2283,Paraíso das Águas,Não,"5006275",,31982
2284,Aparecida do Taboado,Não,"5001003",,31982
2285,Cassilândia,Não,"5002902",,31982
2286,Inocência,Não,"5004403",,31982
2287,Selvíria,Não,"5007802",,31982
2288,Chapadão do Sul,Não,"5002951",,31982
2289,Brasilândia,Não,"5002308",,31982
2290,Anaurilândia,Não,"5000807",,31982
2291,Batayporã,Não,"5002001",,31982
2292,Jateí,Não,"5005103",,31981
2293,Braço do Trombudo,Não,"4202859",,31982
2294,Bocaina do Sul,Não,"4202438",,31982
2295,Balneário Arroio do Silva,Não,"4201950",,31982
2296,Vicentina,Não,"5008404",,31981
2297,Fátima do Sul,Não,"5003801",,31981
2298,Naviraí,Não,"5005707",,31982
2299,Japorã,Não,"5004809",,31981
2300,Sonora,Não,"5007935",,31981
2301,Coxim,Não,"5003306",,31981
2302,Antônio João,Não,"5000906",,31981
2303,Aral Moreira,Não,"5001243",,31981
2304,Bela Vista,Não,"5002100",,31981
2305,Tacuru,Não,"5007950",,31981
2306,Sete Quedas,Não,"5007703",,31981
2307,Amambai,Não,"5000609",,31981
2308,Coronel Sapucaia,Não,"5003157",,31981
2309,Paranhos,Não,"5006358",,31981
2310,Caracol,Não,"5002803",,31981
2311,Porto Murtinho,Não,"5006903",,31981
2312,Bataguassu,Não,"5001904",,31982
2313,Corguinho,Não,"5003108",,31981
2314,Rochedo,Não,"5007505",,31981
2315,Terenos,Não,"5008008",,31981
2316,Sidrolândia,Não,"5007901",,31981
2317,Dois Irmãos do Buriti,Não,"5003488",,31981
2318,Aquidauana,Não,"5001102",,31981
2319,Anastácio,Não,"5000708",,31981
2320,Miranda,Não,"5005608",,31981
2321,Atalanta,Não,"4201802",,31982
2322,Glória de Dourados,Não,"5004007",,31981
2323,Itaquiraí,Não,"5004601",,31981
2324,Eldorado,Não,"5003751",,31981
2325,Mundo Novo,Não,"5005681",,31981
2326,Três Lagoas,Não,"5008305",,31982
2327,Nova Andradina,Não,"5006200",,31982
2328,Jardim,Não,"5005004",,31981
2329,Diamantino,Não,"5103502",,31981
2330,Denise,Não,"5103452",,31981
2331,Marcelândia,Não,"5105580",,31981
2332,Angelina,Não,"4200903",,31982
2333,Capivari de Baixo,Não,"4203956",,31982
2334,Coronel Martins,Não,"4204459",,31982
2335,Descanso,Não,"4204905",,31982
2336,Coronel Freitas,Não,"4204400",,31982
2337,Chapecó,Não,"4204202",,31982
2338,Itapoá,Não,"4208450",,31982
2339,Biguaçu,Não,"4202305",,31982
2340,Presidente Getúlio,Não,"4214003",,31982
2341,São Bernardino,Não,"4215752",,31982
2342,Indaial,Não,"4207502",,31982
2343,Videira,Não,"4219309",,31982
2344,Saudades,Não,"4217303",,31982
2345,Tubarão,Não,"4218707",,31982
2346,Mira Estrela,Não,"3530003",,31982
2347,Mirassolândia,Não,"3530409",,31982
2348,Monte Aprazível,Não,"3531407",,31982
2349,Neves Paulista,Não,"3532504",,31982
2350,São João do Itaperiú,Não,"4216354",,31982
2351,Nova Granada,Não,"3533007",,31982
2352,Nuporanga,Não,"3533601",,31983
2353,Onda Verde,Não,"3534005",,31982
2354,Orindiúva,Não,"3534203",,31982
2355,Palestina,Não,"3535002",,31982
2356,Cocal dos Alves,Não,"2202729",,31984
2357,Ponto Chique,Não,"3152131",,31983
2358,Cônego Marinho,Não,"3117836",,31983
2359,Itarema,Não,"2306553",,31984
2360,Luiz Alves,Não,"4210001",,31982
2361,Schroeder,Não,"4217402",,31982
2362,Joinville,Não,"4209102",,31982
2363,Treviso,Não,"4218350",,31982
2364,São José do Cedro,Não,"4216701",,31982
2365,São José do Cerrito,Não,"4216800",,31982
2366,Treze Tílias,Não,"4218509",,31982
2367,São Miguel da Boa Vista,Não,"4217154",,31982
2368,Camboriú,Não,"4203204",,31982
2369,Correia Pinto,Não,"4204558",,31982
2370,Gravatal,Não,"4206207",,31982
2371,São Miguel do Oeste,Não,"4217204",,31982
2372,Vargem,Não,"4219150",,31982
2373,Ubatuba,Não,"3555406",,31983
2374,Batatais,Não,"3505906",,31983
2375,Caçapava,Não,"3508504",,31983
2376,Caraguatatuba,Não,"3510500",,31983
2377,Cristais Paulista,Não,"3513207",,31983
2378,Franca,Não,"3516200",,31983
2379,Guará,Não,"3517703",,31983
2380,Divinolândia,Não,"3513900",,31983
2381,Fernandópolis,Não,"3515509",,31982
2382,Floreal,Não,"3515905",,31982
2383,Gastão Vidigal,Não,"3516804",,31982
2384,Joanópolis,Não,"3525508",,31983
2385,Garopaba,Não,"4205704",,31982
2386,Morro da Fumaça,Não,"4211207",,31982
2387,Palma Sola,Não,"4212007",,31982
2388,Jacareí,Não,"3524402",,31983
2389,Tuiuti,Não,"3554953",,31983
2390,Vargem,Não,"3556354",,31983
2391,Presidente Castello Branco,Não,"4213906",,31982
2392,São Domingos,Não,"4216107",,31982
2393,Tangará,Não,"4217907",,31982
2394,Urussanga,Não,"4219002",,31982
2395,Santo Amaro da Imperatriz,Não,"4215703",,31982
2396,Governador Celso Ramos,Não,"4206009",,31982
2397,Bom Retiro,Não,"4202602",,31982
2398,Salesópolis,Não,"3545001",,31983
2399,Blumenau,Não,"4202404",,31982
2400,Palhoça,Não,"4211900",,31982
2401,Estiva Gerbi,Não,"3557303",,31983
2402,Itapira,Não,"3522604",,31983
2403,Massaranduba,Não,"4210605",,31982
2404,São Pedro de Alcântara,Não,"4217253",,31982
2405,Luís Antônio,Não,"3527603",,31983
2406,Motuca,Não,"3532058",,31982
2407,Olímpia,Não,"3533908",,31982
2408,Pitangueiras,Não,"3539509",,31982
2409,Ribeirão Preto,Não,"3543402",,31983
2410,Rincão,Não,"3543709",,31982
2411,Santa Cruz da Conceição,Não,"3546207",,31983
2412,Santa Cruz das Palmeiras,Não,"3546306",,31983
2413,Corupá,Não,"4204509",,31982
2414,Águas de Chapecó,Não,"4200507",,31982
2415,Caxambu do Sul,Não,"4204103",,31982
2416,Capão Alto,Não,"4203253",,31982
2417,Canoinhas,Não,"4203808",,31982
2418,Marema,Não,"4210555",,31982
2419,Painel,Não,"4211892",,31982
2420,Palmeira,Não,"4212056",,31982
2421,Ponte Alta,Não,"4213302",,31982
2422,Quilombo,Não,"4214201",,31982
2423,Santa Terezinha do Progresso,Não,"4215687",,31982
2424,Seara,Não,"4217501",,31982
2425,Doutor Pedrinho,Não,"4205159",,31982
2426,Penha,Não,"4212502",,31982
2427,Benedito Novo,Não,"4202206",,31982
2428,São João Batista,Não,"4216305",,31982
2429,Balneário Piçarras,Não,"4212809",,31982
2430,Jaraguá do Sul,Não,"4208906",,31982
2431,Paulo Lopes,Não,"4212304",,31982
2432,Brusque,Não,"4202909",,31982
2433,Criciúma,Não,"4204608",,31982
2434,Imaruí,Não,"4207205",,31982
2435,Itá,Não,"4208005",,31982
2436,Irineópolis,Não,"4207908",,31982
2437,Laguna,Não,"4209409",,31982
2438,Lages,Não,"4209300",,31982
2439,Nova Veneza,Não,"4211603",,31982
2440,Orleans,Não,"4211702",,31982
2441,Pedras Grandes,Não,"4212403",,31982
2442,Olinda,Não,"2609600",,31985
2443,Cabeceira Grande,Não,"3109451",,31983
2444,São Bonifácio,Não,"4215901",,31982
2445,Antônio Carlos,Não,"4201208",,31982
2446,Felipe Guerra,Não,"2403707",,31984
2447,Anitápolis,Não,"4201109",,31982
2448,Vidal Ramos,Não,"4219200",,31982
2449,Ribeirão Pires,Não,"3543303",,31983
2450,Catanduvas,Não,"4204004",,31982
2451,Entre Rios,Não,"4205175",,31982
2452,Iraceminha,Não,"4207759",,31982
2453,Lajeado Grande,Não,"4209458",,31982
2454,Jaguaruna,Não,"4208807",,31982
2455,Rio Grande da Serra,Não,"3544103",,31983
2456,Santana de Parnaíba,Não,"3547304",,31983
2457,Assunção do Piauí,Não,"2201051",,31984
2458,Macieira,Não,"4210050",,31982
2459,Major Vieira,Não,"4210308",,31982
2460,Afonso Bezerra,Não,"2400307",,31984
2461,Mondaí,Não,"4211009",,31982
2462,Otacílio Costa,Não,"4211751",,31982
2463,Papanduva,Não,"4212205",,31982
2464,Porto União,Não,"4213609",,31982
2465,Princesa,Não,"4214151",,31982
2466,Rio das Antas,Não,"4214409",,31982
2467,Rio Fortuna,Não,"4214904",,31982
2468,Romelândia,Não,"4215208",,31982
2469,Rio Rufino,Não,"4215059",,31982
2470,Santiago do Sul,Não,"4215695",,31982
2471,São Cristóvão do Sul,Não,"4216057",,31982
2472,Vargeão,Não,"4219101",,31982
2473,São João do Oeste,Não,"4216255",,31982
2474,Vargem Bonita,Não,"4219176",,31982
2475,Porto Belo,Não,"4213500",,31982
2476,Garuva,Não,"4205803",,31982
2477,Araranguá,Não,"4201406",,31982
2478,Formosa do Sul,Não,"4205431",,31982
2479,Faxinal dos Guedes,Não,"4205308",,31982
2480,Cocal do Sul,Não,"4204251",,31982
2481,Erval Velho,Não,"4205209",,31982
2482,Içara,Não,"4207007",,31982
2483,Lauro de Freitas,Não,"2919207",,31984
2484,Macururé,Não,"2919900",,31984
2485,Ipira,Não,"4207601",,31982
2486,Joaçaba,Não,"4209003",,31982
2487,Maravilha,Não,"4210506",,31982
2488,Meleiro,Não,"4210803",,31982
2489,Paial,Não,"4211876",,31982
2490,Petrolândia,Não,"4212700",,31982
2491,Pinhalzinho,Não,"4212908",,31982
2492,Nova Fátima,Não,"2922730",,31984
2493,Piratuba,Não,"4213104",,31982
2494,Taperoá,Não,"2931202",,31984
2495,Saltinho,Não,"4215356",,31982
2496,Rio Negrinho,Não,"4215000",,31982
2497,Santa Rosa de Lima,Não,"4215604",,31982
2498,Tunápolis,Não,"4218756",,31982
2499,Vitor Meireles,Não,"4219358",,31982
2500,Treze de Maio,Não,"4218400",,31982
2501,São Lourenço do Oeste,Não,"4216909",,31982
2502,Sul Brasil,Não,"4217758",,31982
2503,Guaramirim,Não,"4206504",,31982
2504,Rio dos Cedros,Não,"4214706",,31982
2505,Tijucas,Não,"4218004",,31982
2506,Pomerode,Não,"4213203",,31982
2507,Campo Alegre,Não,"4203303",,31982
2508,Canelinha,Não,"4203709",,31982
2509,Itajaí,Não,"4208203",,31982
2510,Cerro Negro,Não,"4204178",,31982
2511,Curitibanos,Não,"4204806",,31982
2512,Cunha Porã,Não,"4204707",,31982
2513,Campo Belo do Sul,Não,"4203402",,31982
2514,Fraiburgo,Não,"4205506",,31982
2515,Guarujá do Sul,Não,"4206603",,31982
2516,Flor do Sertão,Não,"4205357",,31982
2517,Jardinópolis,Não,"4208955",,31982
2518,Jaborá,Não,"4208609",,31982
2519,Valparaíso de Goiás,Não,"5221858",,31983
2520,Modelo,Não,"4210902",,31982
2521,Cidade Ocidental,Não,"5205497",,31983
2522,Nova Erechim,Não,"4211405",,31982
2523,Nova Itaberaba,Não,"4211454",,31982
2524,Ouro Verde,Não,"4211850",,31982
2525,Pinheiro Preto,Não,"4213005",,31982
2526,Santa Helena,Não,"4215554",,31982
2527,Tigrinhos,Não,"4217956",,31982
2528,Três Barras,Não,"4218301",,31982
2529,Xavantina,Não,"4219606",,31982
2530,Zortéa,Não,"4219853",,31982
2531,Araquari,Não,"4201307",,31982
2532,São João do Polêsine,Não,"4318432",,31982
2533,Ascurra,Não,"4201703",,31982
2534,Nova Trento,Não,"4211504",,31982
2535,Navegantes,Não,"4211306",,31982
2536,Imbuia,Não,"4207403",,31982
2537,Rodeio,Não,"4215109",,31982
2538,Barra Velha,Não,"4202107",,31982
2539,São Bento do Sul,Não,"4215802",,31982
2540,Dionísio Cerqueira,Não,"4205001",,31982
2541,Campos Novos,Não,"4203600",,31982
2542,Guaribas,Não,"2204550",,31983
2543,Capinzal,Não,"4203907",,31982
2544,Forquilhinha,Não,"4205456",,31982
2545,Iporã do Oeste,Não,"4207650",,31982
2546,Iomerê,Não,"4207577",,31982
2547,Ipumirim,Não,"4207700",,31982
2548,Itaiópolis,Não,"4208104",,31982
2549,São Carlos,Não,"4216008",,31982
2550,São Joaquim,Não,"4216503",,31982
2551,Serra Alta,Não,"4217550",,31982
2552,Francinópolis,Não,"2204006",,31983
2553,Dom Inocêncio,Não,"2203453",,31984
2554,Apiúna,Não,"4201257",,31982
2555,Botuverá,Não,"4202701",,31982
2556,Itapema,Não,"4208302",,31982
2557,Dirceu Arcoverde,Não,"2203354",,31983
2558,Esperantina,Não,"2203701",,31983
2559,Guabiruba,Não,"4206306",,31982
2560,Presidente Nereu,Não,"4214102",,31982
2561,Abdon Batista,Não,"4200051",,31982
2562,Abelardo Luz,Não,"4200101",,31982
2563,Agrolândia,Não,"4200200",,31982
2564,Simões Filho,Não,"2930709",,31984
2565,Cunhataí,Não,"4204756",,31982
2566,Aracatu,Não,"2902005",,31984
2567,Belo Campo,Não,"2903508",,31984
2568,Caravelas,Não,"2906907",,31984
2569,Feira da Mata,Não,"2910776",,31983
2570,Itagimirim,Não,"2915304",,31984
2571,Lajedão,Não,"2918902",,31984
2572,Ituaçu,Não,"2917201",,31984
2573,Jaguarari,Não,"2917706",,31984
2574,Luís Eduardo Magalhães,Não,"2919553",,31983
2575,Medeiros Neto,Não,"2921104",,31984
2576,Mucuri,Não,"2922003",,31984
2577,Nova Viçosa,Não,"2923001",,31984
2578,Maracajá,Não,"4210407",,31982
2579,São João do Sul,Não,"4216404",,31982
2580,Rosário Oeste,Não,"5107701",,31981
2581,Santo Antônio de Leverger,Não,"5107800",,31981
2582,Arroio Trinta,Não,"4201604",,31982
2583,Belmonte,Não,"4202156",,31982
2584,Água Doce,Não,"4200408",,31982
2585,Aurora,Não,"4201901",,31982
2586,Águas Frias,Não,"4200556",,31982
2587,Arabutã,Não,"4201273",,31982
2588,Braço do Norte,Não,"4202800",,31982
2589,Armazém,Não,"4201505",,31982
2590,Bom Jardim da Serra,Não,"4202503",,31982
2591,Serrolândia,Não,"2930600",,31984
2592,Serrinha,Não,"2930501",,31984
2593,Andaraí,Não,"2901304",,31984
2594,Bela Vista do Toldo,Não,"4202131",,31982
2595,Arvoredo,Não,"4201653",,31982
2596,Bom Jesus do Oeste,Não,"4202578",,31982
2597,Alto Bela Vista,Não,"4200754",,31982
2598,Anchieta,Não,"4200804",,31982
2599,Anita Garibaldi,Não,"4201000",,31982
2600,Bom Jesus,Não,"4202537",,31982
2601,Bandeirante,Não,"4202081",,31982
2602,Balneário Gaivota,Não,"4202073",,31982
2603,Brunópolis,Não,"4202875",,31982
2604,Sapiranga,Não,"4319901",,31982
2605,Segredo,Não,"4320263",,31982
2606,Celso Ramos,Não,"4204152",,31982
2607,Chapadão do Lageado,Não,"4204194",,31982
2608,Irati,Não,"4207858",,31982
2609,Ipuaçu,Não,"4207684",,31982
2610,Lauro Müller,Não,"4209607",,31982
2611,Jupiá,Não,"4209177",,31982
2612,Lacerdópolis,Não,"4209201",,31982
2613,Luzerna,Não,"4210035",,31982
2614,Planalto Alegre,Não,"4213153",,31982
2615,Urupema,Não,"4218954",,31982
2616,Indiaporã,Não,"3520707",,31982
2617,Ipiguá,Não,"3521150",,31982
2618,São Martinho,Não,"4217105",,31982
2619,Macedônia,Não,"3528205",,31982
2620,União do Oeste,Não,"4218855",,31982
2621,Governador Dix-Sept Rosado,Não,"2404309",,31984
2622,Guararema,Não,"3518305",,31983
2623,Igarapava,Não,"3520103",,31983
2624,Ipuã,Não,"3521309",,31982
2625,Itirapuã,Não,"3523701",,31983
2626,Jambeiro,Não,"3524907",,31983
2627,Jeriquara,Não,"3525409",,31983
2628,Lagoinha,Não,"3526308",,31983
2629,Miguelópolis,Não,"3529708",,31982
2630,Monteiro Lobato,Não,"3531704",,31983
2631,Natividade da Serra,Não,"3532306",,31983
2632,Paraibuna,Não,"3535606",,31983
2633,Patrocínio Paulista,Não,"3536307",,31983
2634,Restinga,Não,"3542701",,31983
2635,Ribeirão Corrente,Não,"3543105",,31983
2636,Rifaina,Não,"3543600",,31983
2637,Santa Branca,Não,"3546009",,31983
2638,Santo Antônio do Pinhal,Não,"3548203",,31983
2639,Tremembé,Não,"3554805",,31983
2640,Votuporanga,Não,"3557105",,31982
2641,Américo de Campos,Não,"3501806",,31982
2642,Bálsamo,Não,"3504800",,31982
2643,Cardoso,Não,"3510708",,31982
2644,Colômbia,Não,"3512100",,31982
2645,Cosmorama,Não,"3512902",,31982
2646,Guaíra,Não,"3517406",,31982
2647,Guaratinguetá,Não,"3518404",,31983
2648,Parisi,Não,"3536257",,31982
2649,Paulo de Faria,Não,"3536604",,31982
2650,Roseira,Não,"3544301",,31983
2651,São Joaquim da Barra,Não,"3549409",,31983
2652,São José do Rio Preto,Não,"3549805",,31982
2653,Tanabi,Não,"3553401",,31982
2654,Turiúba,Não,"3555208",,31982
2655,União Paulista,Não,"3555703",,31982
2656,Cruz das Almas,Não,"2909802",,31984
2657,Itabela,Não,"2914653",,31984
2658,Jaborandi,Não,"2917359",,31983
2659,Valentim Gentil,Não,"3556107",,31982
2660,Vargem Grande do Sul,Não,"3556404",,31983
2661,Areias,Não,"3503505",,31983
2662,Barrinha,Não,"3505609",,31982
2663,Caconde,Não,"3508702",,31983
2664,Casa Branca,Não,"3510807",,31983
2665,Cássia dos Coqueiros,Não,"3510906",,31983
2666,Lindóia,Não,"3527009",,31983
2667,Macaubal,Não,"3528106",,31982
2668,Mococa,Não,"3530508",,31983
2669,Monções,Não,"3531001",,31982
2670,Nhandeara,Não,"3532603",,31982
2671,Laje,Não,"2918803",,31984
2672,Jaguaquara,Não,"2917607",,31984
2673,Manoel Vitorino,Não,"2920403",,31984
2674,Mucugê,Não,"2921906",,31984
2675,Macaúbas,Não,"2919801",,31983
2676,Planalto,Não,"2925006",,31984
2677,Pilão Arcado,Não,"2924405",,31983
2678,Piritiba,Não,"2924801",,31984
2679,Quijingue,Não,"2925907",,31984
2680,Rafael Jambeiro,Não,"2925956",,31984
2681,Santa Cruz Cabrália,Não,"2927705",,31984
2682,Ruy Barbosa,Não,"2927200",,31984
2683,Riachão das Neves,Não,"2926202",,31983
2684,Nova Luzitânia,Não,"3533304",,31982
2685,Pinhalzinho,Não,"3538204",,31983
2686,Santo Antônio da Alegria,Não,"3547908",,31983
2687,São João da Boa Vista,Não,"3549102",,31983
2688,São José do Barreiro,Não,"3549607",,31983
2689,São José do Rio Pardo,Não,"3549706",,31983
2690,Vinhedo,Não,"3556701",,31983
2691,Viradouro,Não,"3556800",,31982
2692,Bebedouro,Não,"3506102",,31982
2693,Bragança Paulista,Não,"3507605",,31983
2694,Brodowski,Não,"3507803",,31983
2695,Cachoeira Paulista,Não,"3508603",,31983
2696,Cajuru,Não,"3509403",,31983
2697,Colina,Não,"3512001",,31982
2698,Espírito Santo do Pinhal,Não,"3515186",,31983
2699,Jaborandi,Não,"3524204",,31982
2700,Lavrinhas,Não,"3526605",,31983
2701,Mogi Guaçu,Não,"3530706",,31983
2702,Mogi Mirim,Não,"3530805",,31983
2703,Monte Alegre do Sul,Não,"3531209",,31983
2704,Monte Azul Paulista,Não,"3531506",,31982
2705,Morungaba,Não,"3532009",,31983
2706,Pedreira,Não,"3537107",,31983
2707,Santa Rosa de Viterbo,Não,"3547601",,31983
2708,Santo Antônio de Posse,Não,"3548005",,31983
2709,São Simão,Não,"3550902",,31983
2710,Uchoa,Não,"3555604",,31982
2711,Araras,Não,"3503307",,31983
2712,Cajobi,Não,"3509304",,31982
2713,Cedral,Não,"3511300",,31982
2714,Cravinhos,Não,"3513108",,31983
2715,Descalvado,Não,"3513702",,31983
2716,Dumont,Não,"3514601",,31983
2717,Engenheiro Coelho,Não,"3515152",,31983
2718,Guapiaçu,Não,"3517505",,31982
2719,Guariba,Não,"3518602",,31982
2720,Guatapará,Não,"3518859",,31982
2721,Ibaté,Não,"3519303",,31982
2722,Icém,Não,"3519808",,31982
2723,Itatiba,Não,"3523404",,31983
2724,Jardinópolis,Não,"3525102",,31983
2725,Leme,Não,"3526704",,31983
2726,Santa Lúcia,Não,"3546900",,31982
2727,Santa Rita do Passa Quatro,Não,"3547502",,31983
2728,São Carlos,Não,"3548906",,31983
2729,Muniz Ferreira,Não,"2922201",,31984
2730,Severínia,Não,"3551900",,31982
2731,Tabapuã,Não,"3552601",,31982
2732,Várzea Paulista,Não,"3556503",,31983
2733,Barueri,Não,"3505708",,31983
2734,Cabreúva,Não,"3508405",,31983
2735,Caieiras,Não,"3509007",,31983
2736,Cajamar,Não,"3509205",,31983
2737,Coremas,Não,"2504801",,31984
2738,Campo Limpo Paulista,Não,"3509601",,31983
2739,Coronel João Pessoa,Não,"2402907",,31984
2740,Carapicuíba,Não,"3510609",,31983
2741,Ferraz de Vasconcelos,Não,"3515707",,31983
2742,Guarulhos,Não,"3518800",,31983
2743,Diadema,Não,"3513801",,31983
2744,Embu-Guaçu,Não,"3515103",,31983
2745,Igaratá,Não,"3520202",,31983
2746,Ipeúna,Não,"3521101",,31983
2747,Francisco Morato,Não,"3516309",,31983
2748,Franco da Rocha,Não,"3516408",,31983
2749,Itapecerica da Serra,Não,"3522208",,31983
2750,Mombuca,Não,"3530904",,31983
2751,Itapevi,Não,"3522505",,31983
2752,Itupeva,Não,"3524006",,31983
2753,Jaguariúna,Não,"3524709",,31983
2754,Jandira,Não,"3525003",,31983
2755,Jarinu,Não,"3525201",,31983
2756,Vitória Brasil,Não,"3556958",,31982
2757,Auriflama,Não,"3504206",,31982
2758,Louveira,Não,"3527306",,31983
2759,Mairinque,Não,"3528403",,31983
2760,Mongaguá,Não,"3531100",,31983
2761,Guarani d'Oeste,Não,"3518008",,31982
2762,Iporanga,Não,"3521200",,31982
2763,Itaberá,Não,"3521705",,31982
2764,Itapeva,Não,"3522406",,31982
2765,Jales,Não,"3524808",,31982
2766,Osasco,Não,"3534401",,31983
2767,Paulínia,Não,"3536505",,31983
2768,Pirapora do Bom Jesus,Não,"3539103",,31983
2769,Santos,Não,"3548500",,31983
2770,São Bernardo do Campo,Não,"3548708",,31983
2771,Vargem Grande Paulista,Não,"3556453",,31983
2772,Votorantim,Não,"3557006",,31983
2773,Capela do Alto,Não,"3510302",,31983
2774,Cesário Lange,Não,"3511607",,31983
2775,Guareí,Não,"3518503",,31982
2776,Ibiúna,Não,"3519709",,31983
2777,Iguape,Não,"3520301",,31983
2778,Ilha Comprida,Não,"3520426",,31983
2779,Iperó,Não,"3521002",,31983
2780,Itanhaém,Não,"3522109",,31983
2781,Itapetininga,Não,"3522307",,31982
2782,Itariri,Não,"3523305",,31983
2783,Jumirim,Não,"3525854",,31983
2784,Juquiá,Não,"3526100",,31983
2785,Juquitiba,Não,"3526209",,31983
2786,Miracatu,Não,"3529906",,31983
2787,Pedro de Toledo,Não,"3537206",,31983
2788,Pereiras,Não,"3537503",,31983
2789,Quadra,Não,"3541653",,31982
2790,Salto de Pirapora,Não,"3545308",,31983
2791,São Lourenço da Serra,Não,"3549953",,31983
2792,São Miguel Arcanjo,Não,"3550209",,31982
2793,Sarapuí,Não,"3551108",,31983
2794,Sete Barras,Não,"3551801",,31983
2795,Tapiraí,Não,"3553500",,31983
2796,Tietê,Não,"3554508",,31983
2797,Araçoiaba da Serra,Não,"3502903",,31983
2798,Vista Alegre do Alto,Não,"3556909",,31982
2799,Boa Esperança do Sul,Não,"3506706",,31982
2800,Cajati,Não,"3509254",,31982
2801,Cananéia,Não,"3509908",,31982
2802,Cândido Rodrigues,Não,"3510104",,31982
2803,Catanduva,Não,"3511102",,31982
2804,Faria Lemos,Não,"3125309",,31983
2805,Catiguá,Não,"3511201",,31982
2806,Eldorado,Não,"3514809",,31982
2807,Dobrada,Não,"3514007",,31982
2808,Felício dos Santos,Não,"3125408",,31983
2809,Elisiário,Não,"3514924",,31982
2810,Embaúba,Não,"3514957",,31982
2811,Fernando Prestes,Não,"3515608",,31982
2812,Gavião Peixoto,Não,"3516853",,31982
2813,Ibirá,Não,"3519402",,31982
2814,Jaboticabal,Não,"3524303",,31982
2815,Jacupiranga,Não,"3524600",,31982
2816,Matão,Não,"3529302",,31982
2817,Monte Alto,Não,"3531308",,31982
2818,Nova Europa,Não,"3532900",,31982
2819,Novais,Não,"3533254",,31982
2820,Paraíso,Não,"3535705",,31982
2821,Pariquera-Açu,Não,"3536208",,31983
2822,Santa Adélia,Não,"3545605",,31982
2823,Santa Ernestina,Não,"3546504",,31982
2824,Tabatinga,Não,"3552700",,31982
2825,Taiaçu,Não,"3553104",,31982
2826,Taiúva,Não,"3553203",,31982
2827,Taquaral,Não,"3553658",,31982
2828,Ubarana,Não,"3555356",,31982
2829,Urupês,Não,"3556008",,31982
2830,Agudos,Não,"3500709",,31982
2831,Areiópolis,Não,"3503604",,31982
2832,Boracéia,Não,"3507308",,31982
2833,Borebi,Não,"3507456",,31982
2834,Botucatu,Não,"3507506",,31982
2835,Cafelândia,Não,"3508801",,31982
2836,Cerqueira César,Não,"3511409",,31982
2837,Guaiçara,Não,"3517208",,31982
2838,Guarantã,Não,"3518107",,31982
2839,Ibitinga,Não,"3519600",,31982
2840,Igaraçu do Tietê,Não,"3520004",,31982
2841,Irapuã,Não,"3521507",,31982
2842,Itajobi,Não,"3521903",,31982
2843,Itaju,Não,"3522000",,31982
2844,Itápolis,Não,"3522703",,31982
2845,José Bonifácio,Não,"3525706",,31982
2846,Lençóis Paulista,Não,"3526803",,31982
2847,Macatuba,Não,"3528007",,31982
2848,Marapoama,Não,"3528858",,31982
2849,Mendonça,Não,"3529500",,31982
2850,Nova Aliança,Não,"3532801",,31982
2851,Novo Horizonte,Não,"3533502",,31982
2852,Pederneiras,Não,"3536703",,31982
2853,Pirajuí,Não,"3538907",,31982
2854,Sales,Não,"3544806",,31982
2855,São Francisco,Não,"2806909",,31984
2856,Sabino,Não,"3544608",,31982
2857,São Manuel,Não,"3550100",,31982
2858,Ubirajara,Não,"3555505",,31982
2859,Alvinlândia,Não,"3501509",,31982
2860,Barbosa,Não,"3505104",,31982
2861,Brejo Alegre,Não,"3507753",,31982
2862,Januário Cicco,Não,"2405306",,31985
2863,Buritama,Não,"3508108",,31982
2864,Cabrália Paulista,Não,"3508306",,31982
2865,Coroados,Não,"3512506",,31982
2866,Duartina,Não,"3514502",,31982
2867,Espírito Santo do Turvo,Não,"3515194",,31982
2868,Fernão,Não,"3515657",,31982
2869,Gália,Não,"3516606",,31982
2870,Garça,Não,"3516705",,31982
2871,Guaimbê,Não,"3517307",,31982
2872,Glicério,Não,"3517109",,31982
2873,Ibirarema,Não,"3519501",,31982
2874,Lucianópolis,Não,"3527504",,31982
2875,Luiziânia,Não,"3527702",,31982
2876,Manduri,Não,"3528601",,31982
2877,Monte Mor,Não,"3531803",,31983
2878,Óleo,Não,"3533809",,31982
2879,Palmital,Não,"3535309",,31982
2880,Paulistânia,Não,"3536570",,31982
2881,Penápolis,Não,"3537305",,31982
2882,Planalto,Não,"3539608",,31982
2883,Queiroz,Não,"3541802",,31982
2884,Salto Grande,Não,"3545407",,31982
2885,Sumaré,Não,"3552403",,31983
2886,Japi,Não,"2405405",,31985
2887,Zacarias,Não,"3557154",,31982
2888,Anhembi,Não,"3502309",,31982
2889,Taboão da Serra,Não,"3552809",,31983
2890,Arujá,Não,"3503901",,31983
2891,Atibaia,Não,"3504107",,31983
2892,Avaré,Não,"3504503",,31982
2893,Bertioga,Não,"3506359",,31983
2894,Brotas,Não,"3507902",,31982
2895,Capivari,Não,"3510401",,31983
2896,Charqueada,Não,"3511706",,31983
2897,Conchas,Não,"3512308",,31982
2898,Elias Fausto,Não,"3514908",,31983
2899,Taciba,Não,"3552908",,31982
2900,Tambaú,Não,"3553302",,31983
2901,Tapiratiba,Não,"3553609",,31983
2902,Taquaritinga,Não,"3553708",,31982
2903,Taquarituba,Não,"3553807",,31982
2904,Teodoro Sampaio,Não,"3554300",,31982
2905,Terra Roxa,Não,"3554409",,31982
2906,Torrinha,Não,"3554706",,31982
2907,Iracemápolis,Não,"3521408",,31983
2908,Itaí,Não,"3521804",,31982
2909,Itirapina,Não,"3523602",,31983
2910,Laranjal Paulista,Não,"3526407",,31983
2911,Mairiporã,Não,"3528502",,31983
2912,Nazaré Paulista,Não,"3532405",,31983
2913,Piracicaba,Não,"3538709",,31983
2914,Rafard,Não,"3542107",,31983
2915,Ribeirão Bonito,Não,"3542909",,31982
2916,Saltinho,Não,"3545159",,31983
2917,Santa Isabel,Não,"3546801",,31983
2918,Santa Maria da Serra,Não,"3547007",,31982
2919,São Pedro,Não,"3550407",,31983
2920,Suzano,Não,"3552502",,31983
2921,Três Fronteiras,Não,"3554904",,31982
2922,Lagoa de Pedras,Não,"2406304",,31985
2923,Turmalina,Não,"3555307",,31982
2924,Urânia,Não,"3555802",,31982
2925,Lagoa Salgada,Não,"2406601",,31985
2926,Dirce Reis,Não,"3513850",,31982
2927,Canhoba,Não,"2801108",,31984
2928,Dolcinópolis,Não,"3514205",,31982
2929,Estrela d'Oeste,Não,"3515202",,31982
2930,General Salgado,Não,"3516903",,31982
2931,Guapiara,Não,"3517604",,31982
2932,Macaíba,Não,"2407104",,31985
2933,Marinópolis,Não,"3529104",,31982
2934,Santa Clara d'Oeste,Não,"3546108",,31982
2935,Mesópolis,Não,"3529658",,31982
2936,Guararapes,Não,"3518206",,31982
2937,Herculândia,Não,"3519006",,31982
2938,Iacri,Não,"3519204",,31982
2939,Ilha Solteira,Não,"3520442",,31982
2940,Ipaussu,Não,"3520905",,31982
2941,Itapura,Não,"3523008",,31982
2942,Lavínia,Não,"3526506",,31982
2943,Marília,Não,"3529005",,31982
2944,Mirandópolis,Não,"3530102",,31982
2945,Ourinhos,Não,"3534708",,31982
2946,Parapuã,Não,"3536000",,31982
2947,Piacatu,Não,"3537701",,31982
2948,Boa Vista do Sul,Não,"4302253",,31982
2949,Bom Jesus,Não,"4302303",,31982
2950,Nova Canaã Paulista,Não,"3532843",,31982
2951,Palmeira d'Oeste,Não,"3535200",,31982
2952,Campo Alegre do Fidalgo,Não,"2202117",,31984
2953,Paranapuã,Não,"3535903",,31982
2954,Rubinéia,Não,"3544509",,31982
2955,Santa Albertina,Não,"3545704",,31982
2956,Santa Fé do Sul,Não,"3546603",,31982
2957,Mauá,Não,"3529401",,31983
2958,Meridiano,Não,"3529609",,31982
2959,Santa Rita d'Oeste,Não,"3547403",,31982
2960,Mirante do Paranapanema,Não,"3530201",,31982
2961,Piquerobi,Não,"3538303",,31982
2962,Piraju,Não,"3538808",,31982
2963,Ribeirão dos Índios,Não,"3543238",,31982
2964,Sandovalina,Não,"3545506",,31982
2965,Santo Anastácio,Não,"3547700",,31982
2966,Santa Salete,Não,"3547650",,31982
2967,Nova Itarana,Não,"2922805",,31984
2968,Nova Canaã,Não,"2922706",,31984
2969,Santana da Ponte Pensa,Não,"3547205",,31982
2970,Santo Antônio do Aracanguá,Não,"3548054",,31982
2971,Campo Largo do Piauí,Não,"2202174",,31983
2972,Cajazeiras do Piauí,Não,"2202075",,31983
2973,São Francisco,Não,"3549003",,31982
2974,Valparaíso,Não,"3556305",,31982
2975,Vera Cruz,Não,"3556602",,31982
2976,Bastos,Não,"3505807",,31982
2977,Bernardino de Campos,Não,"3506300",,31982
2978,Campos Novos Paulista,Não,"3509809",,31982
2979,Cabeceiras do Piauí,Não,"2202059",,31983
2980,Canitar,Não,"3510153",,31982
2981,Castilho,Não,"3511003",,31982
2982,Clementina,Não,"3511904",,31982
2983,Chavantes,Não,"3557204",,31982
2984,Echaporã,Não,"3514700",,31982
2985,Gabriel Monteiro,Não,"3516507",,31982
2986,Ribeirão do Sul,Não,"3543204",,31982
2987,Rinópolis,Não,"3543808",,31982
2988,Rubiácea,Não,"3544400",,31982
2989,Salmourão,Não,"3545100",,31982
2990,Santa Cruz do Rio Pardo,Não,"3546405",,31982
2991,Santópolis do Aguapeí,Não,"3548401",,31982
2992,São Pedro do Turvo,Não,"3550506",,31982
2993,Adamantina,Não,"3500105",,31982
2994,Bariri,Não,"3505203",,31982
2995,Bocaina,Não,"3506805",,31982
2996,Borá,Não,"3507209",,31982
2997,Caiabu,Não,"3508900",,31982
2998,Cândido Mota,Não,"3510005",,31982
2999,Cruzália,Não,"3513306",,31982
3000,Dois Córregos,Não,"3514106",,31982
3001,Dourado,Não,"3514304",,31982
3002,Flórida Paulista,Não,"3516002",,31982
3003,Guaraçaí,Não,"3517802",,31982
3004,Iacanga,Não,"3519105",,31982
3005,Inúbia Paulista,Não,"3520806",,31982
3006,Irapuru,Não,"3521606",,31982
3007,Itapuí,Não,"3522901",,31982
3008,João Ramalho,Não,"3525607",,31982
3009,Lucélia,Não,"3527405",,31982
3010,Lutécia,Não,"3527900",,31982
3011,Maracaí,Não,"3528809",,31982
3012,Mariápolis,Não,"3528908",,31982
3013,Mineiros do Tietê,Não,"3529807",,31982
3014,Murutinga do Sul,Não,"3532108",,31982
3015,Osvaldo Cruz,Não,"3534609",,31982
3016,Pacaembu,Não,"3534906",,31982
3017,Paraguaçu Paulista,Não,"3535507",,31982
3018,Pedrinhas Paulista,Não,"3537156",,31982
3019,Quatá,Não,"3541703",,31982
3020,Rancharia,Não,"3542206",,31982
3021,Reginópolis,Não,"3542503",,31982
3022,Sagres,Não,"3544707",,31982
3023,Hugo Napoleão,Não,"2204600",,31983
3024,Tarumã,Não,"3553955",,31982
3025,Trabiju,Não,"3554755",,31982
3026,Valinhos,Não,"3556206",,31983
3027,Caiuá,Não,"3509106",,31982
3028,Campos do Jordão,Não,"3509700",,31983
3029,Dracena,Não,"3514403",,31982
3030,Emilianópolis,Não,"3515129",,31982
3031,Estrela do Norte,Não,"3515301",,31982
3032,Holambra,Não,"3519055",,31983
3033,Itapirapuã Paulista,Não,"3522653",,31982
3034,Ituverava,Não,"3524105",,31983
3035,Jaci,Não,"3524501",,31982
3036,Jaú,Não,"3525300",,31982
3037,Junqueirópolis,Não,"3526001",,31982
3038,Marabá Paulista,Não,"3528700",,31982
3039,Santo André,Não,"3547809",,31983
3040,São João do Pau d'Alho,Não,"3549300",,31982
3041,Sarutaiá,Não,"3551207",,31982
3042,Taguaí,Não,"3553005",,31982
3043,Tejupá,Não,"3554201",,31982
3044,Américo Brasiliense,Não,"3501707",,31982
3045,Fartura,Não,"3515400",,31982
3046,Indaiatuba,Não,"3520509",,31983
3047,Itu,Não,"3523909",,31983
3048,Jundiaí,Não,"3525904",,31983
3049,Pirassununga,Não,"3539301",,31983
3050,Registro,Não,"3542602",,31983
3051,Riolândia,Não,"3544202",,31982
3052,Sertãozinho,Não,"3551702",,31982
3053,Biritiba Mirim,Não,"3506607",,31983
3054,Utinga,Não,"2932804",,31984
3055,Florínea,Não,"3516101",,31982
3056,São Luiz do Paraitinga,Não,"3550001",,31983
3057,Morro do Chapéu,Não,"2921708",,31984
3058,Morpará,Não,"2921609",,31983
3059,Mansidão,Não,"2920452",,31983
3060,Paramirim,Não,"2923605",,31983
3061,Adolfo,Não,"3500204",,31982
3062,Águas de São Pedro,Não,"3500600",,31983
3063,Alfredo Marcondes,Não,"3500808",,31982
3064,Pé de Serra,Não,"2924058",,31984
3065,Nova Redenção,Não,"2922854",,31984
3066,Águas da Prata,Não,"3500402",,31983
3067,Alambari,Não,"3500758",,31983
3068,Alto Alegre,Não,"3501103",,31982
3069,Abaíra,Não,"2900108",,31984
3070,Curral de Cima,Não,"2505279",,31985
3071,Águas de Lindóia,Não,"3500501",,31983
3072,Altair,Não,"3500907",,31982
3073,Aguaí,Não,"3500303",,31983
3074,Águas de Santa Bárbara,Não,"3500550",,31982
3075,Altinópolis,Não,"3501004",,31983
3076,Frei Martinho,Não,"2506202",,31984
3077,Gado Bravo,Não,"2506251",,31985
3078,Alumínio,Não,"3501152",,31983
3079,Álvaro de Carvalho,Não,"3501400",,31982
3080,Andradina,Não,"3502101",,31982
3081,Álvares Florence,Não,"3501202",,31982
3082,Aparecida,Não,"3502507",,31983
3083,Aparecida d'Oeste,Não,"3502606",,31982
3084,Araçariguama,Não,"3502754",,31983
3085,Teixeira de Freitas,Não,"2931350",,31984
3086,Valente,Não,"2933000",,31984
3087,Rio de Contas,Não,"2926707",,31984
3088,Nova Ibiá,Não,"2922755",,31984
3089,São Gonçalo do Amarante,Não,"2412005",,31985
3090,Ponto Novo,Não,"2925253",,31984
3091,Ubaíra,Não,"2932101",,31984
3092,Ubatã,Não,"2932309",,31984
3093,Aurelino Leal,Não,"2902401",,31984
3094,Contendas do Sincorá,Não,"2908804",,31984
3095,Ibitiara,Não,"2913002",,31983
3096,Iraquara,Não,"2914406",,31984
3097,Itapitanga,Não,"2916609",,31984
3098,Jucuruçu,Não,"2918456",,31984
3099,Itaparica,Não,"2916104",,31984
3100,Senador Georgino Avelino,Não,"2413201",,31985
3101,Jitaúna,Não,"2918308",,31984
3102,Lençóis,Não,"2919306",,31984
3103,Livramento de Nossa Senhora,Não,"2919504",,31983
3104,Miguel Calmon,Não,"2921203",,31984
3105,Mundo Novo,Não,"2922102",,31984
3106,Pedrão,Não,"2924108",,31984
3107,Poções,Não,"2925105",,31984
3108,Rodelas,Não,"2927101",,31984
3109,Tanquinho,Não,"2931103",,31984
3110,Remanso,Não,"2926004",,31983
3111,Baianópolis,Não,"2902500",,31983
3112,Serra de São Bento,Não,"2413300",,31985
3113,Candeias,Não,"2906501",,31984
3114,Vera Cruz,Não,"2414803",,31985
3115,Ibirataia,Não,"2912905",,31984
3116,Saubara,Não,"2929750",,31984
3117,Belmonte,Não,"2903409",,31984
3118,Piraí do Norte,Não,"2924678",,31984
3119,Valença,Não,"2932903",,31984
3120,Central,Não,"2907608",,31983
3121,Capim Grosso,Não,"2906873",,31984
3122,Iramaia,Não,"2914307",,31984
3123,Correntina,Não,"2909307",,31983
3124,São Félix,Não,"2929008",,31984
3125,Lajedo do Tabocal,Não,"2919058",,31984
3126,Jussiape,Não,"2918605",,31984
3127,Madre de Deus,Não,"2919926",,31984
3128,Maragogipe,Não,"2920601",,31984
3129,Saúde,Não,"2929800",,31984
3130,São Gabriel,Não,"2929255",,31984
3131,Vila Flor,Não,"2415008",,31985
3132,Divisa Nova,Não,"3122405",,31983
3133,Riachão do Jacuípe,Não,"2926301",,31984
3134,Cafarnaum,Não,"2905305",,31984
3135,Gentio do Ouro,Não,"2911303",,31983
3136,Tapiramutá,Não,"2931301",,31984
3137,Itapé,Não,"2916203",,31984
3138,Baixa Grande,Não,"2902609",,31984
3139,Presidente Dutra,Não,"2925600",,31983
3140,Aratuípe,Não,"2902302",,31984
3141,Brejolândia,Não,"2904407",,31983
3142,Canudos,Não,"2906824",,31984
3143,Conceição da Feira,Não,"2908200",,31984
3144,Gandu,Não,"2911204",,31984
3145,Conceição do Almeida,Não,"2908309",,31984
3146,Igaporã,Não,"2913408",,31983
3147,Milagres,Não,"2921302",,31984
3148,Malhada de Pedras,Não,"2920304",,31984
3149,Mulungu do Morro,Não,"2922052",,31984
3150,Planaltino,Não,"2924900",,31984
3151,Novo Horizonte,Não,"2923035",,31983
3152,Ubaitaba,Não,"2932200",,31984
3153,Salinas da Margarida,Não,"2927309",,31984
3154,Retirolândia,Não,"2926103",,31984
3155,Xique-Xique,Não,"2933604",,31983
3156,Antônio Gonçalves,Não,"2901809",,31984
3157,Brumado,Não,"2904605",,31984
3158,Canarana,Não,"2906204",,31984
3159,Cocos,Não,"2908101",,31983
3160,Ibititá,Não,"2913101",,31984
3161,Cravolândia,Não,"2909505",,31984
3162,Ibirapitanga,Não,"2912707",,31984
3163,Pojuca,Não,"2925204",,31984
3164,Pintadas,Não,"2924652",,31984
3165,São Desidério,Não,"2928901",,31983
3166,São Sebastião do Passé,Não,"2929503",,31984
3167,Santo Amaro,Não,"2928604",,31984
3168,Catu,Não,"2907509",,31984
3169,Ipiaú,Não,"2913903",,31984
3170,Iguaí,Não,"2913507",,31984
3171,Juazeiro,Não,"2918407",,31984
3172,Elísio Medrado,Não,"2910305",,31984
3173,Ituberá,Não,"2917300",,31984
3174,Licínio de Almeida,Não,"2919405",,31983
3175,Mutuípe,Não,"2922409",,31984
3176,Presidente Jânio Quadros,Não,"2925709",,31984
3177,Pindobaçu,Não,"2924603",,31984
3178,Porto Seguro,Não,"2925303",,31984
3179,Presidente Tancredo Neves,Não,"2925758",,31984
3180,Seabra,Não,"2929909",,31984
3181,São Gonçalo dos Campos,Não,"2929305",,31984
3182,Bom Jesus da Serra,Não,"2903953",,31984
3183,Ibiquera,Não,"2912608",,31984
3184,Euclides da Cunha,Não,"2910701",,31984
3185,Itagi,Não,"2915106",,31984
3186,Jaguaripe,Não,"2917805",,31984
3187,Lapão,Não,"2919157",,31984
3188,Itaquara,Não,"2916708",,31984
3189,Lafaiete Coutinho,Não,"2918704",,31984
3190,Matina,Não,"2921054",,31983
3191,Mata de São João,Não,"2921005",,31984
3192,Vera Cruz,Não,"2933208",,31984
3193,Sebastião Laranjeiras,Não,"2930006",,31983
3194,Umburanas,Não,"2932457",,31984
3195,Sento Sé,Não,"2930204",,31984
3196,Maetinga,Não,"2919959",,31984
3197,Nordestina,Não,"2922656",,31984
3198,Uibaí,Não,"2932408",,31983
3199,São José do Jacuípe,Não,"2929370",,31984
3200,Santanópolis,Não,"2928307",,31984
3201,Barrocas,Não,"2903276",,31984
3202,Campo Alegre de Lourdes,Não,"2905909",,31983
3203,Coribe,Não,"2909109",,31983
3204,Coração de Maria,Não,"2908903",,31984
3205,Irajuba,Não,"2914208",,31984
3206,Curaçá,Não,"2909901",,31984
3207,Dom Silvério,Não,"3122702",,31983
3208,Ibipeba,Não,"2912400",,31983
3209,Itiruçu,Não,"2916906",,31984
3210,Jequié,Não,"2918001",,31984
3211,Jacobina,Não,"2917508",,31984
3212,Maracás,Não,"2920502",,31984
3213,Malhada,Não,"2920205",,31983
3214,Muritiba,Não,"2922300",,31984
3215,Piatã,Não,"2924306",,31984
3216,Oliveira dos Brejinhos,Não,"2923209",,31983
3217,Paratinga,Não,"2923704",,31983
3218,Sobradinho,Não,"2930774",,31984
3219,Santaluz,Não,"2928000",,31984
3220,São Felipe,Não,"2929107",,31984
3221,Barra do Choça,Não,"2902906",,31984
3222,Botuporã,Não,"2904209",,31983
3223,Bonito,Não,"2904050",,31984
3224,Cairu,Não,"2905404",,31984
3225,Caturama,Não,"2907558",,31983
3226,Conceição do Coité,Não,"2908408",,31984
3227,Itaberaba,Não,"2914703",,31984
3228,Itagibá,Não,"2915205",,31984
3229,Ibicuí,Não,"2912301",,31984
3230,Itanagra,Não,"2915908",,31984
3231,Paulista,Não,"2510907",,31984
3232,Pedra Branca,Não,"2511004",,31984
3233,Piancó,Não,"2511301",,31984
3234,Lajedinho,Não,"2919009",,31984
3235,Maraú,Não,"2920700",,31984
3236,Pilões,Não,"2410009",,31984
3237,Pimenteiras,Não,"2208106",,31984
3238,Poço Dantas,Não,"2512036",,31984
3239,Mirangaba,Não,"2921401",,31984
3240,Muquém do São Francisco,Não,"2922250",,31983
3241,Nilo Peçanha,Não,"2922607",,31984
3242,Poço de José de Moura,Não,"2512077",,31984
3243,Várzea do Poço,Não,"2933109",,31984
3244,Anagé,Não,"2901205",,31984
3245,Brejões,Não,"2904308",,31984
3246,Caém,Não,"2905107",,31984
3247,Cansanção,Não,"2906808",,31984
3248,Cachoeira,Não,"2904902",,31984
3249,Ilhéus,Não,"2913606",,31984
3250,Dário Meira,Não,"2910008",,31984
3251,João Dourado,Não,"2918357",,31984
3252,Marcionílio Souza,Não,"2920809",,31984
3253,Monte Santo,Não,"2921500",,31984
3254,Ourolândia,Não,"2923357",,31984
3255,Quixabeira,Não,"2925931",,31984
3256,Piripá,Não,"2924702",,31984
3257,Portalegre,Não,"2410207",,31984
3258,Princesa Isabel,Não,"2512309",,31984
3259,Santa Inês,Não,"2927903",,31984
3260,Aspásia,Não,"3503950",,31982
3261,Assis,Não,"3504008",,31982
3262,São Francisco do Conde,Não,"2929206",,31984
3263,Avanhandava,Não,"3504404",,31982
3264,Avaí,Não,"3504305",,31982
3265,Ibitiúra de Minas,Não,"3129905",,31983
3266,Arapeí,Não,"3503158",,31983
3267,Aiquara,Não,"2900603",,31984
3268,Ibituruna,Não,"3130002",,31983
3269,Icaraí de Minas,Não,"3130051",,31983
3270,Arandu,Não,"3503109",,31982
3271,Araraquara,Não,"3503208",,31982
3272,Arco-Íris,Não,"3503356",,31982
3273,Juramento,Não,"3136801",,31983
3274,Juvenília,Não,"3136959",,31983
3275,Ladainha,Não,"3137007",,31984
3276,Lagoa dos Patos,Não,"3137304",,31983
3277,Lagoa Dourada,Não,"3137403",,31983
3278,Lagoa Santa,Não,"3137601",,31983
3279,Lajinha,Não,"3137700",,31984
3280,Anguera,Não,"2901502",,31984
3281,Barra,Não,"2902708",,31983
3282,Camamu,Não,"2905800",,31984
3283,Mairi,Não,"2920106",,31984
3284,Macajuba,Não,"2919603",,31984
3285,Maripá de Minas,Não,"3140209",,31983
3286,Marliéria,Não,"3140308",,31983
3287,Nazaré,Não,"2922508",,31984
3288,Palmeiras,Não,"2923506",,31984
3289,Queimadas,Não,"2925808",,31984
3290,Arealva,Não,"3503406",,31982
3291,Ariranha,Não,"3503703",,31982
3292,Artur Nogueira,Não,"3503802",,31983
3293,Matozinhos,Não,"3141108",,31983
3294,Bady Bassitt,Não,"3504602",,31982
3295,Abaré,Não,"2900207",,31984
3296,Olímpio Noronha,Não,"3145505",,31983
3297,Oliveira,Não,"3145604",,31983
3298,Balbinos,Não,"3504701",,31982
3299,Bananal,Não,"3504909",,31983
3300,Barão de Antonina,Não,"3505005",,31982
3301,Barra do Chapéu,Não,"3505351",,31982
3302,Barra Bonita,Não,"3505302",,31982
3303,Barra do Turvo,Não,"3505401",,31982
3304,Penalva,Não,"2108306",,31983
3305,Alcobaça,Não,"2900801",,31984
3306,Monção,Não,"2106904",,31983
3307,Serrano do Maranhão,Não,"2111789",,31983
3308,Turilândia,Não,"2112456",,31983
3309,Viana,Não,"2112803",,31983
3310,Turiaçu,Não,"2112407",,31983
3311,Nova Olinda do Maranhão,Não,"2107357",,31983
3312,Santa Luzia do Paruá,Não,"2110039",,31983
3313,Amargosa,Não,"2901007",,31984
3314,Nova Colinas,Não,"2107258",,31983
3315,Tufilândia,Não,"2112274",,31983
3316,Vitorino Freire,Não,"2113009",,31983
3317,Alagoinhas,Não,"2900702",,31984
3318,Almadina,Não,"2900900",,31984
3319,Apuarema,Não,"2901957",,31984
3320,Antônio Cardoso,Não,"2901700",,31984
3321,Araçás,Não,"2902054",,31984
3322,Andorinha,Não,"2901353",,31984
3323,Angical,Não,"2901403",,31983
3324,Amélia Rodrigues,Não,"2901106",,31984
3325,Bauru,Não,"3506003",,31982
3326,Bento de Abreu,Não,"3506201",,31982
3327,Birigui,Não,"3506508",,31982
3328,Bilac,Não,"3506409",,31982
3329,Boituva,Não,"3507001",,31983
3330,Bofete,Não,"3506904",,31982
3331,Bom Sucesso de Itararé,Não,"3507159",,31982
3332,Buritizal,Não,"3508207",,31983
3333,Aramari,Não,"2902203",,31984
3334,América Dourada,Não,"2901155",,31984
3335,Barreiras,Não,"2903201",,31983
3336,São Luís Gonzaga do Maranhão,Não,"2111409",,31983
3337,São Raimundo das Mangabeiras,Não,"2111607",,31983
3338,Satubinha,Não,"2111722",,31983
3339,Senador La Rocque,Não,"2111763",,31983
3340,Barra do Rocha,Não,"2903102",,31984
3341,Barro Alto,Não,"2903235",,31984
3342,Barra da Estiva,Não,"2902807",,31984
3343,Barra do Mendes,Não,"2903003",,31983
3344,Boa Vista do Tupim,Não,"2903805",,31984
3345,Conchal,Não,"3512209",,31983
3346,Senador Alexandre Costa,Não,"2111748",,31983
3347,Timbiras,Não,"2112100",,31983
3348,Vila Nova dos Martírios,Não,"2112852",,31982
3349,Itinga do Maranhão,Não,"2105427",,31983
3350,Boquira,Não,"2904100",,31983
3351,Boa Nova,Não,"2903706",,31984
3352,Bom Jesus da Lapa,Não,"2903904",,31983
3353,Boninal,Não,"2904001",,31984
3354,Brotas de Macaúbas,Não,"2904506",,31983
3355,Campo Formoso,Não,"2906006",,31984
3356,Camaçari,Não,"2905701",,31984
3357,Buritirama,Não,"2904753",,31983
3358,Carinhanha,Não,"2907103",,31983
3359,Candeal,Não,"2906402",,31984
3360,Caraíbas,Não,"2906899",,31984
3361,Cabaceiras do Paraguaçu,Não,"2904852",,31984
3362,Caldeirão Grande,Não,"2905503",,31984
3363,Capela do Alto Alegre,Não,"2906857",,31984
3364,Chorrochó,Não,"2907707",,31984
3365,Caetanos,Não,"2905156",,31984
3366,Irecê,Não,"2914604",,31984
3367,Ibipitanga,Não,"2912509",,31983
3368,Dom Basílio,Não,"2910107",,31984
3369,Casa Nova,Não,"2907202",,31984
3370,Governador Mangabeira,Não,"2911600",,31984
3371,Cotegipe,Não,"2909406",,31983
3372,Itaeté,Não,"2915007",,31984
3373,Gavião,Não,"2911253",,31984
3374,Guajeru,Não,"2911659",,31983
3375,Cristópolis,Não,"2909703",,31983
3376,Caatiba,Não,"2904803",,31984
3377,Cândido Sales,Não,"2906709",,31984
3378,Jussara,Não,"2918506",,31984
3379,Canápolis,Não,"2906105",,31983
3380,Catolândia,Não,"2907400",,31983
3381,Castro Alves,Não,"2907301",,31984
3382,Nova Guataporanga,Não,"3533106",,31982
3383,Conceição do Jacuípe,Não,"2908507",,31984
3384,Itamaraju,Não,"2915601",,31984
3385,Piedade,Não,"3537800",,31983
3386,Pilar do Sul,Não,"3537909",,31983
3387,Pindamonhangaba,Não,"3538006",,31983
3388,Pindorama,Não,"3538105",,31982
3389,Gongogi,Não,"2911501",,31984
3390,Ibicoara,Não,"2912202",,31984
3391,Piracaia,Não,"3538600",,31983
3392,Pirangi,Não,"3539004",,31982
3393,Piratininga,Não,"3539400",,31982
3394,Poá,Não,"3539806",,31983
3395,Platina,Não,"3539707",,31982
3396,Itacaré,Não,"2914901",,31984
3397,Filadélfia,Não,"2910859",,31984
3398,Iaçu,Não,"2911907",,31984
3399,Feira de Santana,Não,"2910800",,31984
3400,Promissão,Não,"3541604",,31982
3401,Ipupiara,Não,"2914109",,31983
3402,Formosa do Rio Preto,Não,"2911105",,31983
3403,Mirante,Não,"2921450",,31984
3404,Sales Oliveira,Não,"3544905",,31983
3405,Érico Cardoso,Não,"2900504",,31983
3406,Igrapiúna,Não,"2913457",,31984
3407,Ipecaetá,Não,"2913804",,31984
3408,Eunápolis,Não,"2910727",,31984
3409,Itaguaçu da Bahia,Não,"2915353",,31983
3410,Guaratinga,Não,"2911808",,31984
3411,Ibotirama,Não,"2913200",,31983
3412,São José dos Campos,Não,"3549904",,31983
3413,São Roque,Não,"3550605",,31983
3414,São Sebastião da Grama,Não,"3550803",,31983
3415,São Vicente,Não,"3551009",,31983
3416,Dom Macedo Costa,Não,"2910206",,31984
3417,Campinas,Não,"3509502",,31983
3418,Cerquilho,Não,"3511508",,31983
3419,Cordeirópolis,Não,"3512407",,31983
3420,Corumbataí,Não,"3512704",,31983
3421,Coronel Macedo,Não,"3512605",,31982
3422,Cunha,Não,"3513603",,31983
3423,Embu das Artes,Não,"3515004",,31983
3424,Euclides da Cunha Paulista,Não,"3515350",,31982
3425,Flora Rica,Não,"3515806",,31982
3426,Itatim,Não,"2916856",,31984
3427,Jiquiriçá,Não,"2918209",,31984
3428,Getulina,Não,"3517000",,31982
3429,Guzolândia,Não,"3518909",,31982
3430,Júlio Mesquita,Não,"3525805",,31982
3431,Lourdes,Não,"3527256",,31982
3432,Mirassol,Não,"3530300",,31982
3433,Monte Castelo,Não,"3531605",,31982
3434,Narandiba,Não,"3532207",,31982
3435,Palmares Paulista,Não,"3535101",,31982
3436,Pardinho,Não,"3536109",,31982
3437,Pedra Bela,Não,"3536802",,31983
3438,Pedranópolis,Não,"3536901",,31982
3439,Pedregulho,Não,"3537008",,31983
3440,Peruíbe,Não,"3537602",,31983
3441,Poloni,Não,"3539905",,31982
3442,Pongaí,Não,"3540101",,31982
3443,Pontal,Não,"3540200",,31982
3444,Pontalinda,Não,"3540259",,31982
3445,Pontes Gestal,Não,"3540309",,31982
3446,Porangaba,Não,"3540507",,31982
3447,Porto Feliz,Não,"3540606",,31983
3448,Quixaba,Não,"2611533",,31984
3449,Porto Ferreira,Não,"3540705",,31983
3450,Potim,Não,"3540754",,31983
3451,Pracinha,Não,"3540853",,31982
3452,Potirendaba,Não,"3540804",,31982
3453,Pradópolis,Não,"3540903",,31982
3454,Pratânia,Não,"3541059",,31982
3455,Presidente Alves,Não,"3541109",,31982
3456,Presidente Bernardes,Não,"3541208",,31982
3457,Presidente Epitácio,Não,"3541307",,31982
3458,Presidente Prudente,Não,"3541406",,31982
3459,Presidente Venceslau,Não,"3541505",,31982
3460,Santo Antônio do Jardim,Não,"3548104",,31983
3461,São Caetano do Sul,Não,"3548807",,31983
3462,Rafael Fernandes,Não,"2410504",,31984
3463,São João das Duas Pontes,Não,"3549201",,31982
3464,São João de Iracema,Não,"3549250",,31982
3465,São José da Bela Vista,Não,"3549508",,31983
3466,Sebastianópolis do Sul,Não,"3551306",,31982
3467,Serra Azul,Não,"3551405",,31983
3468,Serra Negra,Não,"3551603",,31983
3469,Rafael Godeiro,Não,"2410603",,31984
3470,Serrana,Não,"3551504",,31983
3471,Silveiras,Não,"3552007",,31983
3472,Socorro,Não,"3552106",,31983
3473,Sorocaba,Não,"3552205",,31983
3474,Riacho de Santana,Não,"2410801",,31984
3475,Torre de Pedra,Não,"3554656",,31982
3476,Benjamin Constant do Sul,Não,"4302055",,31982
3477,Bento Gonçalves,Não,"4302105",,31982
3478,Boa Vista do Buricá,Não,"4302204",,31981
3479,Boa Vista do Cadeado,Não,"4302220",,31982
3480,Boa Vista do Incra,Não,"4302238",,31982
3481,Bom Princípio,Não,"4302352",,31982
3482,Bom Retiro do Sul,Não,"4302402",,31982
3483,Caracol,Não,"2202505",,31983
3484,Bom Progresso,Não,"4302378",,31982
3485,Bossoroca,Não,"4302501",,31981
3486,Bozano,Não,"4302584",,31982
3487,Butiá,Não,"4302709",,31982
3488,Caçapava do Sul,Não,"4302808",,31982
3489,Cambará do Sul,Não,"4303608",,31982
3490,Campo Novo,Não,"4304002",,31982
3491,Capão Bonito do Sul,Não,"4304622",,31982
3492,Capão do Cipó,Não,"4304655",,31981
3493,Canto do Buriti,Não,"2202307",,31983
3494,Curralinhos,Não,"2203255",,31983
3495,Elesbão Veloso,Não,"2203503",,31983
3496,Capitão Gervásio Oliveira,Não,"2202455",,31984
3497,Santana dos Garrotes,Não,"2513604",,31984
3498,Colônia do Gurguéia,Não,"2202752",,31983
3499,Cristalândia do Piauí,Não,"2203008",,31983
3500,Cristino Castro,Não,"2203107",,31983
3501,Canavieira,Não,"2202251",,31983
3502,Flores do Piauí,Não,"2203800",,31983
3503,Fartura do Piauí,Não,"2203750",,31983
3504,Campo Maior,Não,"2202208",,31983
3505,Gilbués,Não,"2204402",,31983
3506,Curimatá,Não,"2203206",,31983
3507,Floriano,Não,"2203909",,31983
3508,Santo Antônio de Lisboa,Não,"2209401",,31984
3509,Eliseu Martins,Não,"2203602",,31983
3510,Corrente,Não,"2202901",,31983
3511,Coronel José Dias,Não,"2202851",,31983
3512,Capela de Santana,Não,"4304689",,31982
3513,Guadalupe,Não,"2204501",,31983
3514,Currais,Não,"2203230",,31983
3515,Santo Inácio do Piauí,Não,"2209500",,31983
3516,Joaquim Pires,Não,"2205409",,31983
3517,Lagoa Alegre,Não,"2205557",,31983
3518,João Costa,Não,"2205359",,31983
3519,Marcos Parente,Não,"2206001",,31983
3520,Landri Sales,Não,"2205607",,31983
3521,Joca Marques,Não,"2205458",,31983
3522,Jerumenha,Não,"2205300",,31983
3523,Jurema,Não,"2205532",,31983
3524,São Francisco,Não,"2513984",,31984
3525,Nazária,Não,"2206720",,31983
3526,Prata do Piauí,Não,"2208601",,31983
3527,Miguel Alves,Não,"2206209",,31983
3528,Palmeira do Piauí,Não,"2207405",,31983
3529,Caseiros,Não,"4304952",,31982
3530,Pedro Laurentino,Não,"2207934",,31983
3531,Cerro Grande,Não,"4305157",,31982
3532,São Francisco do Piauí,Não,"2209708",,31983
3533,Rio Grande do Piauí,Não,"2209005",,31983
3534,São Braz do Piauí,Não,"2209559",,31983
3535,Cerro Grande do Sul,Não,"4305173",,31982
3536,Chapada,Não,"4305306",,31982
3537,Ribeiro Gonçalves,Não,"2208908",,31983
3538,São Gonçalo do Piauí,Não,"2209807",,31983
3539,São Miguel do Fidalgo,Não,"2210391",,31983
3540,Ciríaco,Não,"4305504",,31982
3541,Coronel Barros,Não,"4305871",,31981
3542,Cruz Alta,Não,"4306106",,31982
3543,São Félix do Piauí,Não,"2209609",,31983
3544,Dilermando de Aguiar,Não,"4306379",,31981
3545,São Luis do Piauí,Não,"2210375",,31984
3546,Pau D'Arco do Piauí,Não,"2207793",,31983
3547,Santa Filomena,Não,"2209203",,31983
3548,Santa Rosa do Piauí,Não,"2209377",,31983
3549,Ribeira do Piauí,Não,"2208874",,31983
3550,Imigrante,Não,"4310363",,31982
3551,Maracaçumé,Não,"2106326",,31983
3552,Passagem Franca do Piauí,Não,"2207751",,31983
3553,Dezesseis de Novembro,Não,"4306353",,31981
3554,Eldorado do Sul,Não,"4306767",,31982
3555,Erebango,Não,"4306973",,31982
3556,Esperança do Sul,Não,"4307450",,31981
3557,Estância Velha,Não,"4307609",,31982
3558,Faxinalzinho,Não,"4308052",,31982
3559,Floriano Peixoto,Não,"4308250",,31982
3560,Garruchos,Não,"4308656",,31981
3561,Harmonia,Não,"4309555",,31982
3562,Igrejinha,Não,"4310108",,31982
3563,Paulo Ramos,Não,"2108108",,31983
3564,São Benedito do Rio Preto,Não,"2110401",,31983
3565,Santa Rita,Não,"2110203",,31983
3566,São Francisco do Brejão,Não,"2110856",,31983
3567,São Mateus do Maranhão,Não,"2111508",,31983
3568,Olinda Nova do Maranhão,Não,"2107456",,31983
3569,Palmeirândia,Não,"2107605",,31983
3570,Sítio Novo,Não,"2111805",,31983
3571,Magalhães de Almeida,Não,"2106300",,31983
3572,Mata Roma,Não,"2106409",,31983
3573,Trizidela do Vale,Não,"2112233",,31983
3574,Tuntum,Não,"2112308",,31983
3575,Vargem Grande,Não,"2112704",,31983
3576,Joselândia,Não,"2105609",,31983
3577,Lago do Junco,Não,"2105807",,31983
3578,Lago Verde,Não,"2105906",,31983
3579,Rosário,Não,"2109601",,31983
3580,Santana do Maranhão,Não,"2110237",,31983
3581,São José dos Basílios,Não,"2111250",,31983
3582,Presidente Vargas,Não,"2109304",,31983
3583,Peri Mirim,Não,"2108405",,31983
3584,Santa Filomena do Maranhão,Não,"2109759",,31983
3585,Montes Altos,Não,"2107001",,31983
3586,Olho d'Água das Cunhãs,Não,"2107407",,31983
3587,São Roberto,Não,"2111672",,31983
3588,São Miguel,Não,"2412500",,31984
3589,Miranda do Norte,Não,"2106755",,31983
3590,Santo Antônio dos Lopes,Não,"2110302",,31983
3591,Ribamar Fiquene,Não,"2109551",,31983
3592,Simplício Mendes,Não,"2210805",,31983
3593,São Pedro da Água Branca,Não,"2111532",,31982
3594,Uiraúna,Não,"2516904",,31984
3595,São Raimundo do Doca Bezerra,Não,"2111631",,31983
3596,São Pedro dos Crentes,Não,"2111573",,31983
3597,São Vicente Ferrer,Não,"2111706",,31983
3598,Vitória do Mearim,Não,"2112902",,31983
3599,Valença do Piauí,Não,"2211308",,31984
3600,Venha-Ver,Não,"2414753",,31984
3601,Matões,Não,"2106607",,31983
3602,Nova Iorque,Não,"2107308",,31983
3603,Iraí,Não,"4310504",,31982
3604,Ivorá,Não,"4310751",,31982
3605,Machadinho,Não,"4311700",,31982
3606,Tombos,Não,"3169208",,31983
3607,Tumiritinga,Não,"3169505",,31984
3608,Mato Queimado,Não,"4312179",,31981
3609,Turmalina,Não,"3169703",,31983
3610,Turvolândia,Não,"3169802",,31983
3611,Vera Mendes,Não,"2211506",,31984
3612,Verdejante,Não,"2616100",,31984
3613,Amapá do Maranhão,Não,"2100550",,31983
3614,Bacuri,Não,"2101301",,31983
3615,Capanema,Não,"4104501",,31982
3616,Capitão Leônidas Marques,Não,"4104600",,31982
3617,Carlópolis,Não,"4104709",,31982
3618,Cascavel,Não,"4104808",,31982
3619,Catanduvas,Não,"4105003",,31982
3620,Centenário do Sul,Não,"4105102",,31982
3621,Céu Azul,Não,"4105300",,31982
3622,Chopinzinho,Não,"4105409",,31982
3623,Cianorte,Não,"4105508",,31982
3624,Clevelândia,Não,"4105706",,31982
3625,Colorado,Não,"4105904",,31982
3626,Congonhinhas,Não,"4106001",,31982
3627,Conselheiro Mairinck,Não,"4106100",,31982
3628,Contenda,Não,"4106209",,31982
3629,Corbélia,Não,"4106308",,31982
3630,Cornélio Procópio,Não,"4106407",,31982
3631,Coronel Domingos Soares,Não,"4106456",,31982
3632,Coronel Vivida,Não,"4106506",,31982
3633,Corumbataí do Sul,Não,"4106555",,31982
3634,Cruzeiro do Iguaçu,Não,"4106571",,31982
3635,Cruzeiro do Oeste,Não,"4106605",,31982
3636,Cruzeiro do Sul,Não,"4106704",,31982
3637,Cruz Machado,Não,"4106803",,31982
3638,Cruzmaltina,Não,"4106852",,31982
3639,Curiúva,Não,"4107009",,31982
3640,Diamante D'Oeste,Não,"4107157",,31981
3641,Bela Vista do Maranhão,Não,"2101772",,31983
3642,Araguanã,Não,"2100873",,31983
3643,Apicum-Açu,Não,"2100832",,31983
3644,Alto Alegre do Pindaré,Não,"2100477",,31983
3645,Belágua,Não,"2101731",,31983
3646,Altamira do Maranhão,Não,"2100402",,31983
3647,Bacabeira,Não,"2101251",,31983
3648,Vespasiano Corrêa,Não,"4322855",,31982
3649,Bacurituba,Não,"2101350",,31983
3650,Vila Nova do Sul,Não,"4323457",,31982
3651,Joca Claudino,Não,"2513653",,31984
3652,Axixá,Não,"2101103",,31983
3653,Anapurus,Não,"2100808",,31983
3654,Barão de Grajaú,Não,"2101509",,31983
3655,Capinzal do Norte,Não,"2102754",,31983
3656,Campestre do Maranhão,Não,"2102556",,31983
3657,Cidelândia,Não,"2103257",,31983
3658,Governador Luiz Rocha,Não,"2104628",,31983
3659,Codó,Não,"2103307",,31983
3660,Nova Araçá,Não,"4312807",,31982
3661,Novo Xingu,Não,"4313466",,31982
3662,Palmares do Sul,Não,"4313656",,31982
3663,Palmeira das Missões,Não,"4313706",,31982
3664,Pantano Grande,Não,"4313953",,31982
3665,Pinto Bandeira,Não,"4314548",,31982
3666,Planalto,Não,"4314704",,31982
3667,Caiçara do Rio do Vento,Não,"2401909",,31984
3668,Porto Xavier,Não,"4315107",,31981
3669,Putinga,Não,"4315206",,31982
3670,Quinze de Novembro,Não,"4315354",,31982
3671,Caldeirão Grande do Piauí,Não,"2202091",,31984
3672,Fronteiras,Não,"2204303",,31984
3673,Riozinho,Não,"4315750",,31982
3674,Rondinha,Não,"4316204",,31982
3675,Santa Vitória do Palmar,Não,"4317301",,31982
3676,Governador Archer,Não,"2104503",,31983
3677,Formosa da Serra Negra,Não,"2104099",,31983
3678,Estreito,Não,"2104057",,31983
3679,Sapé,Não,"2515302",,31985
3680,São Francisco de Assis,Não,"4318101",,31981
3681,Dom Pedro,Não,"2103802",,31983
3682,São José do Sul,Não,"4318614",,31982
3683,São Paulo das Missões,Não,"4319307",,31981
3684,Lima Campos,Não,"2106003",,31983
3685,Lagoa Grande do Maranhão,Não,"2105963",,31983
3686,São Pedro das Missões,Não,"4319364",,31982
3687,São Vicente do Sul,Não,"4319802",,31981
3688,São João do Soter,Não,"2111078",,31983
3689,Mirinzal,Não,"2106805",,31983
3690,São Domingos do Azeitão,Não,"2110658",,31983
3691,Passagem Franca,Não,"2107902",,31983
3692,Parnarama,Não,"2107803",,31983
3693,Sentinela do Sul,Não,"4320354",,31982
3694,Sertão,Não,"4320503",,31982
3695,Taquara,Não,"4321204",,31982
3696,Tupanci do Sul,Não,"4322186",,31982
3697,Paraibano,Não,"2107704",,31983
3698,São Francisco do Maranhão,Não,"2110906",,31983
3699,Vista Gaúcha,Não,"4323705",,31982
3700,Imperatriz,Não,"2105302",,31983
3701,Marcolândia,Não,"2205953",,31984
3702,Central do Maranhão,Não,"2103125",,31983
3703,Icatu,Não,"2105104",,31983
3704,Milagres do Maranhão,Não,"2106672",,31983
3705,Coroatá,Não,"2103604",,31983
3706,Fortuna,Não,"2104206",,31983
3707,Davinópolis,Não,"2103752",,31983
3708,Jatobá,Não,"2105450",,31983
3709,Jenipapo dos Vieiras,Não,"2105476",,31983
3710,Lago da Pedra,Não,"2105708",,31983
3711,Lago dos Rodrigues,Não,"2105948",,31983
3712,Loreto,Não,"2106102",,31983
3713,Lagoa do Mato,Não,"2105922",,31983
3714,Santa Helena,Não,"2109809",,31983
3715,Porto Rico do Maranhão,Não,"2109056",,31983
3716,Pindaré-Mirim,Não,"2108504",,31983
3717,Presidente Sarney,Não,"2109270",,31983
3718,Santa Inês,Não,"2109908",,31983
3719,Pedro do Rosário,Não,"2108256",,31983
3720,Presidente Juscelino,Não,"2109205",,31983
3721,São João do Paraíso,Não,"2111052",,31983
3722,Presidente Dutra,Não,"2109106",,31983
3723,Riachão,Não,"2109502",,31983
3724,Camutanga,Não,"2603603",,31985
3725,Poção de Pedras,Não,"2108900",,31983
3726,Jurema,Não,"2608404",,31984
3727,Morros,Não,"2107100",,31983
3728,Raposa,Não,"2109452",,31983
3729,São Bento,Não,"2110500",,31983
3730,São João Batista,Não,"2111003",,31983
3731,Porto Franco,Não,"2109007",,31983
3732,Pirapemas,Não,"2108801",,31983
3733,Pedreiras,Não,"2108207",,31983
3734,Lagoa de Itaenga,Não,"2608503",,31985
3735,São José de Ribamar,Não,"2111201",,31983
3736,Nina Rodrigues,Não,"2107209",,31983
3737,São Domingos do Maranhão,Não,"2110708",,31983
3738,Matões do Norte,Não,"2106631",,31983
3739,Sambaíba,Não,"2109700",,31983
3740,São João dos Patos,Não,"2111102",,31983
3741,São Bernardo,Não,"2110609",,31983
3742,Santa Quitéria do Maranhão,Não,"2110104",,31983
3743,Aliança,Não,"2600708",,31985
3744,Machados,Não,"2609105",,31985
3745,Mirandiba,Não,"2609303",,31984
3746,Araçoiaba,Não,"2601052",,31985
3747,Belo Jardim,Não,"2601706",,31984
3748,Bom Jardim,Não,"2602209",,31985
3749,Brejinho,Não,"2602506",,31984
3750,Brejo da Madre de Deus,Não,"2602605",,31984
3751,Buenos Aires,Não,"2602704",,31985
3752,Carpina,Não,"2604007",,31985
3753,Feira Nova,Não,"2605400",,31985
3754,Frei Miguelinho,Não,"2605806",,31985
3755,Garanhuns,Não,"2606002",,31984
3756,Goiana,Não,"2606200",,31985
3757,Igarassu,Não,"2606804",,31985
3758,Ingazeira,Não,"2607109",,31984
3759,Itaquitinga,Não,"2607802",,31985
3760,São Caitano,Não,"2613107",,31984
3761,João Alfredo,Não,"2608107",,31985
3762,Jupi,Não,"2608305",,31984
3763,Lagoa do Carro,Não,"2608453",,31985
3764,Lajedo,Não,"2608800",,31984
3765,Pedra Bonita,Não,"3148756",,31983
3766,Limoeiro,Não,"2608909",,31985
3767,Macaparana,Não,"2609006",,31985
3768,Pedra do Anta,Não,"3148806",,31983
3769,Pedra do Indaiá,Não,"3148905",,31983
3770,Nazaré da Mata,Não,"2609501",,31985
3771,Panelas,Não,"2610202",,31984
3772,Parnamirim,Não,"2610400",,31984
3773,Orobó,Não,"2609709",,31985
3774,Pedra Dourada,Não,"3149002",,31983
3775,Passira,Não,"2610509",,31985
3776,Romaria,Não,"3156403",,31983
3777,Paudalho,Não,"2610608",,31985
3778,Santa Terezinha,Não,"2612802",,31984
3779,Tapiraí,Não,"3168200",,31983
3780,Veríssimo,Não,"3171105",,31982
3781,Cedro do Abaeté,Não,"3115607",,31983
3782,Comendador Gomes,Não,"3116902",,31982
3783,Itapagipe,Não,"3133402",,31982
3784,Ituiutaba,Não,"3134202",,31982
3785,Paulista,Não,"2610707",,31985
3786,Coromandel,Não,"3119302",,31983
3787,Pesqueira,Não,"2610905",,31984
3788,Petrolina,Não,"2611101",,31984
3789,Poção,Não,"2611200",,31984
3790,Quipapá,Não,"2611507",,31984
3791,Salgadinho,Não,"2612109",,31985
3792,Salgueiro,Não,"2612208",,31984
3793,Sanharó,Não,"2612406",,31984
3794,Santa Cruz,Não,"2612455",,31984
3795,Santa Filomena,Não,"2612554",,31984
3796,São Bento do Una,Não,"2613008",,31984
3797,São João,Não,"2613206",,31984
3798,São José do Egito,Não,"2613602",,31984
3799,Sertânia,Não,"2614105",,31984
3800,Surubim,Não,"2614501",,31985
3801,Tacaimbó,Não,"2614709",,31984
3802,Taquaritinga do Norte,Não,"2615003",,31984
3803,Timbaúba,Não,"2615300",,31985
3804,Terra Nova,Não,"2615201",,31984
3805,Tracunhaém,Não,"2615508",,31985
3806,Tuparetama,Não,"2615904",,31984
3807,Vertente do Lério,Não,"2616183",,31985
3808,Venturosa,Não,"2616001",,31984
3809,Vicência,Não,"2616308",,31985
3810,Vertentes,Não,"2616209",,31985
3811,Alagoa Nova,Não,"2500403",,31985
3812,Algodão de Jandaíra,Não,"2500577",,31985
3813,Amparo,Não,"2500734",,31984
3814,Aroeiras,Não,"2501302",,31985
3815,Baraúna,Não,"2501534",,31984
3816,Barra de São Miguel,Não,"2501708",,31984
3817,Boa Vista,Não,"2502151",,31984
3818,Cacimba de Dentro,Não,"2503506",,31985
3819,Casserengue,Não,"2504157",,31985
3820,Junqueiro,Não,"2704005",,31984
3821,Congo,Não,"2504702",,31984
3822,Cruz do Espírito Santo,Não,"2504900",,31985
3823,Palestina,Não,"2706208",,31984
3824,Cubati,Não,"2505006",,31984
3825,Cuité,Não,"2505105",,31984
3826,Cuitegi,Não,"2505204",,31985
3827,Heliópolis,Não,"2911857",,31984
3828,Dona Inês,Não,"2505709",,31985
3829,Duas Estradas,Não,"2505808",,31985
3830,Fagundes,Não,"2506103",,31985
3831,Guarabira,Não,"2506301",,31985
3832,Pescador,Não,"3150000",,31984
3833,Gurjão,Não,"2506509",,31984
3834,Mari,Não,"2509107",,31985
3835,Itabaiana,Não,"2506905",,31985
3836,Mamanguape,Não,"2508901",,31985
3837,Itapororoca,Não,"2507101",,31985
3838,Marcação,Não,"2509057",,31985
3839,Juazeirinho,Não,"2507705",,31984
3840,Lagoa de Dentro,Não,"2508208",,31985
3841,Frei Paulo,Não,"2802304",,31984
3842,Lagarto,Não,"2803500",,31984
3843,Lagoa Seca,Não,"2508307",,31985
3844,Logradouro,Não,"2508554",,31985
3845,Monteiro,Não,"2509701",,31984
3846,Mulungu,Não,"2509800",,31985
3847,Nova Floresta,Não,"2510105",,31984
3848,Nova Palmeira,Não,"2510303",,31984
3849,Olivedos,Não,"2510501",,31984
3850,Passagem,Não,"2510709",,31984
3851,Pedra Lavrada,Não,"2511103",,31984
3852,Parari,Não,"2510659",,31984
3853,Pilar,Não,"2511509",,31985
3854,Pilõezinhos,Não,"2511707",,31985
3855,Pirpirituba,Não,"2511806",,31985
3856,Pitimbu,Não,"2511905",,31985
3857,Pocinhos,Não,"2512002",,31984
3858,Prata,Não,"2512200",,31984
3859,Quixaba,Não,"2512606",,31984
3860,Riachão,Não,"2512747",,31985
3861,Riachão do Bacamarte,Não,"2512754",,31985
3862,Rio Tinto,Não,"2512903",,31985
3863,Salgadinho,Não,"2513000",,31984
3864,Santa Luzia,Não,"2513406",,31984
3865,São João do Cariri,Não,"2514008",,31984
3866,Santa Rita,Não,"2513703",,31985
3867,Santo André,Não,"2513851",,31984
3868,São José de Espinharas,Não,"2514404",,31984
3869,São Domingos do Cariri,Não,"2513943",,31984
3870,São Mamede,Não,"2514909",,31984
3871,São João do Tigre,Não,"2514107",,31984
3872,São José do Bonfim,Não,"2514602",,31984
3873,São José do Brejo do Cruz,Não,"2514651",,31984
3874,São José do Sabugi,Não,"2514701",,31984
3875,São José dos Cordeiros,Não,"2514800",,31984
3876,São José dos Ramos,Não,"2514453",,31985
3877,São Vicente do Seridó,Não,"2515401",,31984
3878,Sobrado,Não,"2515971",,31985
3879,Soledade,Não,"2516102",,31984
3880,Serra Branca,Não,"2515500",,31984
3881,Serra da Raiz,Não,"2515609",,31985
3882,Serra Redonda,Não,"2515807",,31985
3883,Solânea,Não,"2516003",,31985
3884,Tacima,Não,"2516409",,31985
3885,Taperoá,Não,"2516508",,31984
3886,Teixeira,Não,"2516706",,31984
3887,Tenório,Não,"2516755",,31984
3888,Umbuzeiro,Não,"2517001",,31985
3889,Zabelê,Não,"2517407",,31984
3890,Barcelona,Não,"2401503",,31985
3891,Maxaranguape,Não,"2407500",,31985
3892,Montanhas,Não,"2407708",,31985
3893,Monte Alegre,Não,"2407807",,31985
3894,Monte das Gameleiras,Não,"2407906",,31985
3895,Diamante do Norte,Não,"4107108",,31982
3896,Diamante do Sul,Não,"4107124",,31982
3897,Dois Vizinhos,Não,"4107207",,31982
3898,Doutor Camargo,Não,"4107306",,31982
3899,Doutor Ulysses,Não,"4128633",,31982
3900,Enéas Marques,Não,"4107405",,31982
3901,Nísia Floresta,Não,"2408201",,31985
3902,Santana do Seridó,Não,"2411429",,31984
3903,São Fernando,Não,"2411809",,31984
3904,Engenheiro Beltrão,Não,"4107504",,31982
3905,Ouro Branco,Não,"2408508",,31984
3906,Parnamirim,Não,"2403251",,31985
3907,Pureza,Não,"2410405",,31985
3908,Rio do Fogo,Não,"2408953",,31985
3909,São João do Sabugi,Não,"2412104",,31984
3910,São José de Mipibu,Não,"2412203",,31985
3911,Ewbank da Câmara,Não,"3125002",,31983
3912,São José do Campestre,Não,"2412302",,31985
3913,Ervália,Não,"3124005",,31983
3914,Esmeraldas,Não,"3124104",,31983
3915,São José do Seridó,Não,"2412401",,31984
3916,São Pedro,Não,"2412708",,31985
3917,Espírito Santo do Dourado,Não,"3124401",,31983
3918,Serrinha,Não,"2413508",,31985
3919,Taipu,Não,"2413904",,31985
3920,Estiva,Não,"3124500",,31983
3921,Estrela Dalva,Não,"3124609",,31983
3922,Eugenópolis,Não,"3124906",,31983
3923,Dom Cavati,Não,"3122504",,31983
3924,Dom Joaquim,Não,"3122603",,31983
3925,Dom Viçoso,Não,"3122801",,31983
3926,Dores de Campos,Não,"3123007",,31983
3927,Dores de Guanhães,Não,"3123106",,31983
3928,Doresópolis,Não,"3123403",,31983
3929,Elói Mendes,Não,"3123601",,31983
3930,Engenheiro Navarro,Não,"3123809",,31983
3931,Itaúna do Sul,Não,"4111308",,31982
3932,Entre Folhas,Não,"3123858",,31983
3933,Ivaiporã,Não,"4111506",,31982
3934,Ivaté,Não,"4111555",,31982
3935,Extrema,Não,"3125101",,31983
3936,Lupionópolis,Não,"4113809",,31982
3937,Mallet,Não,"4113908",,31982
3938,Mamborê,Não,"4114005",,31982
3939,Mandaguaçu,Não,"4114104",,31982
3940,Mandaguari,Não,"4114203",,31982
3941,Mandirituba,Não,"4114302",,31982
3942,Manfrinópolis,Não,"4114351",,31982
3943,Mangueirinha,Não,"4114401",,31982
3944,Fama,Não,"3125200",,31983
3945,Manoel Ribas,Não,"4114500",,31982
3946,Marechal Cândido Rondon,Não,"4114609",,31981
3947,Fernandes Tourinho,Não,"3125804",,31983
3948,Ferros,Não,"3125903",,31983
3949,Florestal,Não,"3126000",,31983
3950,Formiga,Não,"3126109",,31983
3951,Fortaleza de Minas,Não,"3126307",,31983
3952,Fortuna de Minas,Não,"3126406",,31983
3953,Francisco Dumont,Não,"3126604",,31983
3954,Franciscópolis,Não,"3126752",,31984
3955,Palmital,Não,"4117800",,31982
3956,Frei Gaspar,Não,"3126802",,31984
3957,Perobal,Não,"4118857",,31982
3958,Pérola,Não,"4118907",,31982
3959,Pérola d'Oeste,Não,"4119004",,31982
3960,Frei Lagonegro,Não,"3126950",,31983
3961,Funilândia,Não,"3127206",,31983
3962,Glaucilândia,Não,"3127354",,31983
3963,Goianá,Não,"3127388",,31983
3964,Guaxupé,Não,"3128709",,31983
3965,Gonçalves,Não,"3127404",,31983
3966,Gonzaga,Não,"3127503",,31983
3967,Gouveia,Não,"3127602",,31983
3968,Governador Valadares,Não,"3127701",,31983
3969,Guanhães,Não,"3128006",,31983
3970,Guapé,Não,"3128105",,31983
3971,Guaraciama,Não,"3128253",,31983
3972,Guidoval,Não,"3128808",,31983
3973,Sairé,Não,"2612000",,31985
3974,Guaranésia,Não,"3128303",,31983
3975,Guarani,Não,"3128402",,31983
3976,Guarará,Não,"3128501",,31983
3977,Pinhais,Não,"4119152",,31982
3978,Pinhalão,Não,"4119202",,31982
3979,Guiricema,Não,"3129004",,31983
3980,Gurinhatã,Não,"3129103",,31982
3981,Ibirité,Não,"3129806",,31983
3982,Pinhal de São Bento,Não,"4119251",,31982
3983,Pinhão,Não,"4119301",,31982
3984,Heliodora,Não,"3129202",,31983
3985,Ibertioga,Não,"3129400",,31983
3986,Ibiaí,Não,"3129608",,31983
3987,Ibiraci,Não,"3129707",,31983
3988,Piraí do Sul,Não,"4119400",,31982
3989,Pitanga,Não,"4119608",,31982
3990,Pitangueiras,Não,"4119657",,31982
3991,Planaltina do Paraná,Não,"4119707",,31982
3992,Planalto,Não,"4119806",,31982
3993,Ponta Grossa,Não,"4119905",,31982
3994,Pontal do Paraná,Não,"4119954",,31982
3995,Porto Amazonas,Não,"4120101",,31982
3996,Porto Barreiro,Não,"4120150",,31982
3997,Porto Rico,Não,"4120200",,31982
3998,Igarapé,Não,"3130101",,31983
3999,Igaratinga,Não,"3130200",,31983
4000,Ijaci,Não,"3130408",,31983
4001,Ilicínea,Não,"3130507",,31983
4002,Imbé de Minas,Não,"3130556",,31984
4003,Porto Vitória,Não,"4120309",,31982
4004,Prado Ferreira,Não,"4120333",,31982
4005,Pranchita,Não,"4120358",,31982
4006,Alto do Rodrigues,Não,"2400703",,31984
4007,Inconfidentes,Não,"3130606",,31983
4008,Ingaí,Não,"3130804",,31983
4009,Inhapim,Não,"3130903",,31983
4010,Inhaúma,Não,"3131000",,31983
4011,Inimutaba,Não,"3131109",,31983
4012,Ipaba,Não,"3131158",,31983
4013,Barra de Guabiraba,Não,"2601300",,31985
4014,Ipiaçu,Não,"3131406",,31982
4015,Ipuiúna,Não,"3131505",,31983
4016,Itabira,Não,"3131703",,31983
4017,Itabirito,Não,"3131901",,31983
4018,Itacambira,Não,"3132008",,31983
4019,Itaguara,Não,"3132206",,31983
4020,Itajubá,Não,"3132404",,31983
4021,Itamarandiba,Não,"3132503",,31983
4022,Itamarati de Minas,Não,"3132602",,31983
4023,Itambacuri,Não,"3132701",,31984
4024,Itambé do Mato Dentro,Não,"3132800",,31983
4025,Itamogi,Não,"3132909",,31983
4026,Itaobim,Não,"3133303",,31984
4027,Itapecerica,Não,"3133501",,31983
4028,Itapeva,Não,"3133600",,31983
4029,Piedade de Caratinga,Não,"3150158",,31983
4030,Itatiaiuçu,Não,"3133709",,31983
4031,Itaú de Minas,Não,"3133758",,31983
4032,Itaúna,Não,"3133808",,31983
4033,Itaverava,Não,"3133907",,31983
4034,Itinga,Não,"3134004",,31984
4035,Itumirim,Não,"3134301",,31983
4036,Iturama,Não,"3134400",,31982
4037,Itutinga,Não,"3134509",,31983
4038,Jaboticatubas,Não,"3134608",,31983
4039,Jacuí,Não,"3134806",,31983
4040,Jacutinga,Não,"3134905",,31983
4041,Jampruca,Não,"3135076",,31984
4042,Japaraíba,Não,"3135308",,31983
4043,Jeceaba,Não,"3135407",,31983
4044,Jenipapo de Minas,Não,"3135456",,31983
4045,Jequitaí,Não,"3135605",,31983
4046,Jequitibá,Não,"3135704",,31983
4047,Recreio,Não,"3154101",,31983
4048,Jesuânia,Não,"3135902",,31983
4049,Joanésia,Não,"3136108",,31983
4050,Santa Bárbara do Monte Verde,Não,"3157278",,31983
4051,João Monlevade,Não,"3136207",,31983
4052,Joaquim Felício,Não,"3136405",,31983
4053,Josenópolis,Não,"3136579",,31983
4054,José Raydan,Não,"3136553",,31983
4055,Juatuba,Não,"3136652",,31983
4056,Juiz de Fora,Não,"3136702",,31983
4057,Laranjal,Não,"3138005",,31983
4058,Lavras,Não,"3138203",,31983
4059,Leme do Prado,Não,"3138351",,31983
4060,Leopoldina,Não,"3138401",,31983
4061,Lima Duarte,Não,"3138609",,31983
4062,Limeira do Oeste,Não,"3138625",,31982
4063,Luisburgo,Não,"3138674",,31983
4064,Luislândia,Não,"3138682",,31983
4065,Luminárias,Não,"3138708",,31983
4066,Madre de Deus de Minas,Não,"3139102",,31983
4067,Malacacheta,Não,"3139201",,31983
4068,Mamonas,Não,"3139250",,31983
4069,Manga,Não,"3139300",,31983
4070,Manhuaçu,Não,"3139409",,31983
4071,Santa Bárbara do Tugúrio,Não,"3157302",,31983
4072,Manhumirim,Não,"3139508",,31984
4073,Maravilhas,Não,"3139706",,31983
4074,Mar de Espanha,Não,"3139805",,31983
4075,Maria da Fé,Não,"3139904",,31983
4076,Mariana,Não,"3140001",,31983
4077,Marilac,Não,"3140100",,31983
4078,Mário Campos,Não,"3140159",,31983
4079,Marmelópolis,Não,"3140407",,31983
4080,Martins Soares,Não,"3140530",,31984
4081,Materlândia,Não,"3140605",,31983
4082,Santa Cruz de Minas,Não,"3157336",,31983
4083,Santa Cruz de Salinas,Não,"3157377",,31984
4084,Santa Cruz do Escalvado,Não,"3157401",,31983
4085,Santa Efigênia de Minas,Não,"3157500",,31983
4086,Mateus Leme,Não,"3140704",,31983
4087,Mathias Lobato,Não,"3171501",,31984
4088,Matias Barbosa,Não,"3140803",,31983
4089,Matias Cardoso,Não,"3140852",,31983
4090,Belém de Maria,Não,"2601508",,31985
4091,Matipó,Não,"3140902",,31983
4092,Jandaíra,Não,"2405108",,31984
4093,Brejo Grande,Não,"2800704",,31984
4094,Mato Verde,Não,"3141009",,31983
4095,Mendes Pimentel,Não,"3141504",,31984
4096,Pedra Preta,Não,"2409605",,31984
4097,Mercês,Não,"3141603",,31983
4098,Mesquita,Não,"3141702",,31983
4099,Minas Novas,Não,"3141801",,31983
4100,Minduri,Não,"3141900",,31983
4101,Mirabela,Não,"3142007",,31983
4102,Miradouro,Não,"3142106",,31983
4103,Miraí,Não,"3142205",,31983
4104,Miravânia,Não,"3142254",,31983
4105,Moeda,Não,"3142304",,31983
4106,Monjolos,Não,"3142502",,31983
4107,Monsenhor Paulo,Não,"3142601",,31983
4108,Montalvânia,Não,"3142700",,31983
4109,Monte Azul,Não,"3142908",,31983
4110,Monte Belo,Não,"3143005",,31983
4111,Monte Santo de Minas,Não,"3143203",,31983
4112,Montes Claros,Não,"3143302",,31983
4113,Monte Sião,Não,"3143401",,31983
4114,Montezuma,Não,"3143450",,31983
4115,Morro da Garça,Não,"3143609",,31983
4116,Morro do Pilar,Não,"3143708",,31983
4117,Munhoz,Não,"3143807",,31983
4118,Muriaé,Não,"3143906",,31983
4119,Muzambinho,Não,"3144102",,31983
4120,Nacip Raydan,Não,"3144201",,31983
4121,Santa Margarida,Não,"3157906",,31983
4122,Santa Maria de Itabira,Não,"3158003",,31983
4123,Santa Maria do Suaçuí,Não,"3158201",,31983
4124,Santana de Cataguases,Não,"3158409",,31983
4125,Naque,Não,"3144359",,31983
4126,Natércia,Não,"3144409",,31983
4127,Nazareno,Não,"3144508",,31983
4128,Nova Era,Não,"3144706",,31983
4129,Nova Módica,Não,"3144904",,31984
4130,Santana de Pirapama,Não,"3158508",,31983
4131,Santana do Deserto,Não,"3158607",,31983
4132,Santana do Garambéu,Não,"3158706",,31983
4133,Santana do Jacaré,Não,"3158805",,31983
4134,Nova Porteirinha,Não,"3145059",,31983
4135,Nova Resende,Não,"3145109",,31983
4136,Santa Vitória,Não,"3159803",,31982
4137,Santo Antônio do Amparo,Não,"3159902",,31983
4138,Nova União,Não,"3136603",,31983
4139,Novorizonte,Não,"3145372",,31983
4140,Olhos-d'Água,Não,"3145455",,31983
4141,Oliveira Fortes,Não,"3145703",,31983
4142,Onça de Pitangui,Não,"3145802",,31983
4143,Oratórios,Não,"3145851",,31983
4144,Ouro Branco,Não,"3145901",,31983
4145,Ouro Fino,Não,"3146008",,31983
4146,Padre Carvalho,Não,"3146255",,31983
4147,Pains,Não,"3146503",,31983
4148,Pai Pedro,Não,"3146552",,31983
4149,Paiva,Não,"3146602",,31983
4150,Papagaios,Não,"3146909",,31983
4151,Pará de Minas,Não,"3147105",,31983
4152,Paraguaçu,Não,"3147204",,31983
4153,Paraisópolis,Não,"3147303",,31983
4154,Paraopeba,Não,"3147402",,31983
4155,Areia Branca,Não,"2800506",,31984
4156,Passabém,Não,"3147501",,31983
4157,Passa Tempo,Não,"3147709",,31983
4158,Passos,Não,"3147907",,31983
4159,Patis,Não,"3147956",,31983
4160,Patrocínio do Muriaé,Não,"3148202",,31983
4161,Belém,Não,"2700805",,31984
4162,Paula Cândido,Não,"3148301",,31983
4163,Paulistas,Não,"3148400",,31983
4164,Peçanha,Não,"3148608",,31983
4165,Pedralva,Não,"3149101",,31983
4166,Pedro Leopoldo,Não,"3149309",,31983
4167,Pedro Teixeira,Não,"3149408",,31983
4168,Santo Antônio do Aventureiro,Não,"3160009",,31983
4169,Santo Antônio do Grama,Não,"3160108",,31983
4170,Pequeri,Não,"3149507",,31983
4171,Periquito,Não,"3149952",,31983
4172,Santo Antônio do Itambé,Não,"3160207",,31983
4173,Piau,Não,"3150109",,31983
4174,São Domingos das Dores,Não,"3160959",,31983
4175,São Domingos do Prata,Não,"3161007",,31983
4176,Piedade de Ponte Nova,Não,"3150208",,31983
4177,Piedade do Rio Grande,Não,"3150307",,31983
4178,São Félix de Minas,Não,"3161056",,31984
4179,São Francisco de Paula,Não,"3161205",,31983
4180,São Francisco de Sales,Não,"3161304",,31982
4181,Piedade dos Gerais,Não,"3150406",,31983
4182,Pimenta,Não,"3150505",,31983
4183,Piracema,Não,"3150604",,31983
4184,Piranga,Não,"3150802",,31983
4185,Piranguçu,Não,"3150901",,31983
4186,Piranguinho,Não,"3151008",,31983
4187,Pirapetinga,Não,"3151107",,31983
4188,Pirapora,Não,"3151206",,31983
4189,São Francisco do Glória,Não,"3161403",,31983
4190,Piraúba,Não,"3151305",,31983
4191,Poço Fundo,Não,"3151701",,31983
4192,Poços de Caldas,Não,"3151800",,31983
4193,Ponte Nova,Não,"3152105",,31983
4194,Ponto dos Volantes,Não,"3152170",,31984
4195,Porteirinha,Não,"3152204",,31983
4196,Porto Firme,Não,"3152303",,31983
4197,Pouso Alegre,Não,"3152501",,31983
4198,Pouso Alto,Não,"3152600",,31983
4199,Prados,Não,"3152709",,31983
4200,Pratápolis,Não,"3152907",,31983
4201,São João do Manhuaçu,Não,"3162559",,31983
4202,Presidente Bernardes,Não,"3153103",,31983
4203,Presidente Juscelino,Não,"3153202",,31983
4204,Presidente Kubitschek,Não,"3153301",,31983
4205,Prudente de Morais,Não,"3153608",,31983
4206,Queluzito,Não,"3153806",,31983
4207,Raul Soares,Não,"3154002",,31983
4208,Reduto,Não,"3154150",,31984
4209,Resende Costa,Não,"3154200",,31983
4210,Resplendor,Não,"3154309",,31984
4211,Ressaquinha,Não,"3154408",,31983
4212,Riacho dos Machados,Não,"3154507",,31983
4213,Ribeirão das Neves,Não,"3154606",,31983
4214,São João do Manteninha,Não,"3162575",,31984
4215,Ribeirão Vermelho,Não,"3154705",,31983
4216,Rio Acima,Não,"3154804",,31983
4217,Rio Casca,Não,"3154903",,31983
4218,Rio Doce,Não,"3155009",,31983
4219,Rio Espera,Não,"3155207",,31983
4220,Itaitinga,Não,"2306256",,31984
4221,Iracema,Não,"2306009",,31984
4222,Jaguaretama,Não,"2306702",,31984
4223,Rio Manso,Não,"3155306",,31983
4224,Rio Piracicaba,Não,"3155702",,31983
4225,Rio Pomba,Não,"3155801",,31983
4226,Rio Preto,Não,"3155900",,31983
4227,Rio Vermelho,Não,"3156007",,31983
4228,Ritápolis,Não,"3156106",,31983
4229,Rochedo de Minas,Não,"3156205",,31983
4230,Jaguaribe,Não,"2306900",,31984
4231,Rodeiro,Não,"3156304",,31983
4232,Rosário da Limeira,Não,"3156452",,31983
4233,Rubelita,Não,"3156502",,31983
4234,Sabinópolis,Não,"3156809",,31983
4235,Salinas,Não,"3157005",,31983
4236,Santa Bárbara,Não,"3157203",,31983
4237,Santa Bárbara do Leste,Não,"3157252",,31983
4238,Santa Helena de Minas,Não,"3157658",,31984
4239,Santana do Manhuaçu,Não,"3158904",,31984
4240,Santana do Paraíso,Não,"3158953",,31983
4241,Santana do Riacho,Não,"3159001",,31983
4242,Santana dos Montes,Não,"3159100",,31983
4243,Santa Rita de Caldas,Não,"3159209",,31983
4244,Santa Rita de Ibitipoca,Não,"3159407",,31983
4245,Santa Rita de Minas,Não,"3159357",,31983
4246,Santa Rita do Itueto,Não,"3159506",,31984
4247,Santa Rita do Sapucaí,Não,"3159605",,31983
4248,Santo Antônio do Rio Abaixo,Não,"3160504",,31983
4249,Santo Hipólito,Não,"3160603",,31983
4250,Santos Dumont,Não,"3160702",,31983
4251,São Brás do Suaçuí,Não,"3160900",,31983
4252,São Geraldo,Não,"3161502",,31983
4253,São Geraldo da Piedade,Não,"3161601",,31983
4254,São Geraldo do Baixio,Não,"3161650",,31984
4255,São Gonçalo do Pará,Não,"3161809",,31983
4256,São Gonçalo do Rio Abaixo,Não,"3161908",,31983
4257,Trindade,Não,"2615607",,31984
4258,São Gonçalo do Rio Preto,Não,"3125507",,31983
4259,São Gonçalo do Sapucaí,Não,"3162005",,31983
4260,São João Batista do Glória,Não,"3162203",,31983
4261,São João da Lagoa,Não,"3162252",,31983
4262,São João da Mata,Não,"3162302",,31983
4263,São João das Missões,Não,"3162450",,31983
4264,São João del Rei,Não,"3162500",,31983
4265,São João do Oriente,Não,"3162609",,31983
4266,São João do Pacuí,Não,"3162658",,31983
4267,São João Evangelista,Não,"3162807",,31983
4268,São João Nepomuceno,Não,"3162906",,31983
4269,São Joaquim de Bicas,Não,"3162922",,31983
4270,São José da Barra,Não,"3162948",,31983
4271,Jardim,Não,"2307106",,31984
4272,Castelo,Não,"3201407",,31984
4273,Córrego Danta,Não,"3119807",,31983
4274,Cachoeira Dourada,Não,"5204250",,31982
4275,São José da Lapa,Não,"3162955",,31983
4276,São José da Safira,Não,"3163003",,31983
4277,São José da Varginha,Não,"3163102",,31983
4278,São José do Alegre,Não,"3163201",,31983
4279,Belém do Piauí,Não,"2201572",,31984
4280,São José do Divino,Não,"3163300",,31984
4281,São José do Goiabal,Não,"3163409",,31983
4282,São José do Jacuri,Não,"3163508",,31983
4283,São Sebastião da Vargem Alegre,Não,"3164431",,31983
4284,São José do Mantimento,Não,"3163607",,31984
4285,Bernardino Batista,Não,"2502052",,31984
4286,Corumbaíba,Não,"5205901",,31982
4287,Água Limpa,Não,"5200209",,31982
4288,Buriti Alegre,Não,"5203906",,31982
4289,São Lourenço,Não,"3163706",,31983
4290,São Miguel do Anta,Não,"3163805",,31983
4291,Bocaina,Não,"2201804",,31984
4292,São Pedro da União,Não,"3163904",,31983
4293,São Pedro dos Ferros,Não,"3164001",,31983
4294,São Pedro do Suaçuí,Não,"3164100",,31983
4295,São Sebastião da Bela Vista,Não,"3164407",,31983
4296,São Sebastião do Anta,Não,"3164472",,31984
4297,São Sebastião do Maranhão,Não,"3164506",,31983
4298,São Sebastião do Oeste,Não,"3164605",,31983
4299,São Sebastião do Paraíso,Não,"3164704",,31983
4300,São Sebastião do Rio Preto,Não,"3164803",,31983
4301,São Sebastião do Rio Verde,Não,"3164902",,31983
4302,São Tiago,Não,"3165008",,31983
4303,São Tomás de Aquino,Não,"3165107",,31983
4304,São Vicente de Minas,Não,"3165305",,31983
4305,Senador José Bento,Não,"3165800",,31983
4306,Senador Modestino Gonçalves,Não,"3165909",,31983
4307,Sapucaí-Mirim,Não,"3165404",,31983
4308,Sardoá,Não,"3165503",,31983
4309,Sarzedo,Não,"3165537",,31983
4310,Sem-Peixe,Não,"3165560",,31983
4311,Frecheirinha,Não,"2304509",,31984
4312,Senador Amaral,Não,"3165578",,31983
4313,Senador Cortes,Não,"3165602",,31983
4314,Senador Firmino,Não,"3165701",,31983
4315,Senhora de Oliveira,Não,"3166006",,31983
4316,Senhora do Porto,Não,"3166105",,31983
4317,Sericita,Não,"3166303",,31983
4318,Senhora dos Remédios,Não,"3166204",,31983
4319,Serra Azul de Minas,Não,"3166501",,31983
4320,Serra dos Aimorés,Não,"3166709",,31984
4321,Serrania,Não,"3166907",,31983
4322,Seritinga,Não,"3166402",,31983
4323,Serranos,Não,"3167004",,31983
4324,Serro,Não,"3167103",,31983
4325,Setubinha,Não,"3165552",,31983
4326,Silveirânia,Não,"3167301",,31983
4327,Silvianópolis,Não,"3167400",,31983
4328,Simão Pereira,Não,"3167509",,31983
4329,Simonésia,Não,"3167608",,31983
4330,Taparuba,Não,"3168051",,31984
4331,Taquaraçu de Minas,Não,"3168309",,31983
4332,Tarumirim,Não,"3168408",,31984
4333,Tocos do Moji,Não,"3169059",,31983
4334,Toledo,Não,"3169109",,31983
4335,Ubá,Não,"3169901",,31983
4336,Ubaí,Não,"3170008",,31983
4337,Ubaporanga,Não,"3170057",,31983
4338,Umburatiba,Não,"3170305",,31984
4339,União de Minas,Não,"3170438",,31982
4340,Urucânia,Não,"3170503",,31983
4341,Vargem Alegre,Não,"3170578",,31983
4342,Vargem Bonita,Não,"3170602",,31983
4343,Vargem Grande do Rio Pardo,Não,"3170651",,31983
4344,Varginha,Não,"3170701",,31983
4345,Várzea da Palma,Não,"3170800",,31983
4346,Veredinha,Não,"3171071",,31983
4347,Vermelho Novo,Não,"3171154",,31983
4348,Vespasiano,Não,"3171204",,31983
4349,Viçosa,Não,"3171303",,31983
4350,Vieiras,Não,"3171402",,31983
4351,Virgem da Lapa,Não,"3171600",,31983
4352,Virgínia,Não,"3171709",,31983
4353,Virginópolis,Não,"3171808",,31983
4354,Virgolândia,Não,"3171907",,31983
4355,Visconde do Rio Branco,Não,"3172004",,31983
4356,Volta Grande,Não,"3172103",,31983
4357,Altamira do Paraná,Não,"4100459",,31982
4358,Alto Paraná,Não,"4100608",,31982
4359,Alto Piquiri,Não,"4100707",,31982
4360,Anahy,Não,"4101051",,31982
4361,Andirá,Não,"4101101",,31982
4362,Ângulo,Não,"4101150",,31982
4363,Antonina,Não,"4101200",,31982
4364,Antônio Olinto,Não,"4101309",,31982
4365,Arapongas,Não,"4101507",,31982
4366,Arapuã,Não,"4101655",,31982
4367,Araucária,Não,"4101804",,31982
4368,Ariranha do Ivaí,Não,"4101853",,31982
4369,Assaí,Não,"4101903",,31982
4370,Assis Chateaubriand,Não,"4102000",,31982
4371,Astorga,Não,"4102109",,31982
4372,Atalaia,Não,"4102208",,31982
4373,Bandeirantes,Não,"4102406",,31982
4374,Barbosa Ferraz,Não,"4102505",,31982
4375,Bela Vista da Caroba,Não,"4102752",,31982
4376,Bela Vista do Paraíso,Não,"4102802",,31982
4377,Bituruna,Não,"4102901",,31982
4378,Boa Esperança,Não,"4103008",,31982
4379,Boa Esperança do Iguaçu,Não,"4103024",,31982
4380,Boa Ventura de São Roque,Não,"4103040",,31982
4381,Bom Jesus do Sul,Não,"4103156",,31982
4382,Bom Sucesso,Não,"4103206",,31982
4383,Bom Sucesso do Sul,Não,"4103222",,31982
4384,Borrazópolis,Não,"4103305",,31982
4385,Braganey,Não,"4103354",,31982
4386,Cafeara,Não,"4103404",,31982
4387,Cafelândia,Não,"4103453",,31982
4388,Califórnia,Não,"4103503",,31982
4389,Cambé,Não,"4103701",,31982
4390,Cambira,Não,"4103800",,31982
4391,Campina da Lagoa,Não,"4103909",,31982
4392,Campina do Simão,Não,"4103958",,31982
4393,Campo Bonito,Não,"4104055",,31982
4394,Campo Largo,Não,"4104204",,31982
4395,Campo Magro,Não,"4104253",,31982
4396,Campo Mourão,Não,"4104303",,31982
4397,Cândido de Abreu,Não,"4104402",,31982
4398,Candói,Não,"4104428",,31982
4399,Cantagalo,Não,"4104451",,31982
4400,Entre Rios do Oeste,Não,"4107538",,31981
4401,Esperança Nova,Não,"4107520",,31982
4402,Fazenda Rio Grande,Não,"4107652",,31982
4403,Fênix,Não,"4107702",,31982
4404,Figueira,Não,"4107751",,31982
4405,Floraí,Não,"4107801",,31982
4406,Flor da Serra do Sul,Não,"4107850",,31982
4407,Floresta,Não,"4107900",,31982
4408,Florestópolis,Não,"4108007",,31982
4409,Flórida,Não,"4108106",,31982
4410,Formosa do Oeste,Não,"4108205",,31982
4411,Foz do Iguaçu,Não,"4108304",,31981
4412,Foz do Jordão,Não,"4108452",,31982
4413,Francisco Alves,Não,"4108320",,31982
4414,Francisco Beltrão,Não,"4108403",,31982
4415,General Carneiro,Não,"4108502",,31982
4416,Godoy Moreira,Não,"4108551",,31982
4417,Goioerê,Não,"4108601",,31982
4418,Goioxim,Não,"4108650",,31982
4419,Grandes Rios,Não,"4108700",,31982
4420,Guaíra,Não,"4108809",,31981
4421,Guairaçá,Não,"4108908",,31982
4422,Guamiranga,Não,"4108957",,31982
4423,Guapirama,Não,"4109005",,31982
4424,Guaraci,Não,"4109203",,31982
4425,Guaraniaçu,Não,"4109302",,31982
4426,Guarapuava,Não,"4109401",,31982
4427,Honório Serpa,Não,"4109658",,31982
4428,Ibaiti,Não,"4109708",,31982
4429,Ibema,Não,"4109757",,31982
4430,Ibiporã,Não,"4109807",,31982
4431,Icaraíma,Não,"4109906",,31982
4432,Iguaraçu,Não,"4110003",,31982
4433,Iguatu,Não,"4110052",,31982
4434,Imbaú,Não,"4110078",,31982
4435,Imbituva,Não,"4110102",,31982
4436,Inácio Martins,Não,"4110201",,31982
4437,Inajá,Não,"4110300",,31982
4438,Indianópolis,Não,"4110409",,31982
4439,Ipiranga,Não,"4110508",,31982
4440,Iracema do Oeste,Não,"4110656",,31982
4441,Irati,Não,"4110706",,31982
4442,Iretama,Não,"4110805",,31982
4443,Itaguajé,Não,"4110904",,31982
4444,Itaipulândia,Não,"4110953",,31981
4445,Itambé,Não,"4111100",,31982
4446,Itapejara d'Oeste,Não,"4111209",,31982
4447,Itaperuçu,Não,"4111258",,31982
4448,Ivatuba,Não,"4111605",,31982
4449,Jaboti,Não,"4111704",,31982
4450,Jacarezinho,Não,"4111803",,31982
4451,Jaguapitã,Não,"4111902",,31982
4452,Jaguariaíva,Não,"4112009",,31982
4453,Jandaia do Sul,Não,"4112108",,31982
4454,Janiópolis,Não,"4112207",,31982
4455,Japira,Não,"4112306",,31982
4456,Japurá,Não,"4112405",,31982
4457,Jardim Alegre,Não,"4112504",,31982
4458,Cachoeira dos Índios,Não,"2503308",,31984
4459,Jardim Olinda,Não,"4112603",,31982
4460,São Carlos do Ivaí,Não,"4124608",,31982
4461,São Jerônimo da Serra,Não,"4124707",,31982
4462,São João,Não,"4124806",,31982
4463,São João do Caiuá,Não,"4124905",,31982
4464,Jataizinho,Não,"4112702",,31982
4465,Jesuítas,Não,"4112751",,31982
4466,Joaquim Távora,Não,"4112801",,31982
4467,Jundiaí do Sul,Não,"4112900",,31982
4468,Juranda,Não,"4112959",,31982
4469,Jussara,Não,"4113007",,31982
4470,Kaloré,Não,"4113106",,31982
4471,Laranjal,Não,"4113254",,31982
4472,Laranjeiras do Sul,Não,"4113304",,31982
4473,Leópolis,Não,"4113403",,31982
4474,Lidianópolis,Não,"4113429",,31982
4475,Lindoeste,Não,"4113452",,31982
4476,Loanda,Não,"4113502",,31982
4477,Lobato,Não,"4113601",,31982
4478,Londrina,Não,"4113700",,31982
4479,Luiziana,Não,"4113734",,31982
4480,Caridade do Piauí,Não,"2202554",,31984
4481,Lunardelli,Não,"4113759",,31982
4482,Maria Helena,Não,"4114708",,31982
4483,Marialva,Não,"4114807",,31982
4484,Marilândia do Sul,Não,"4114906",,31982
4485,Marilena,Não,"4115002",,31982
4486,Mariluz,Não,"4115101",,31982
4487,Maringá,Não,"4115200",,31982
4488,Mariópolis,Não,"4115309",,31982
4489,Marmeleiro,Não,"4115408",,31982
4490,Marquinho,Não,"4115457",,31982
4491,Marumbi,Não,"4115507",,31982
4492,Matelândia,Não,"4115606",,31982
4493,Matinhos,Não,"4115705",,31982
4494,Mato Rico,Não,"4115739",,31982
4495,Mauá da Serra,Não,"4115754",,31982
4496,Medianeira,Não,"4115804",,31981
4497,Mercedes,Não,"4115853",,31981
4498,Miraselva,Não,"4116000",,31982
4499,Missal,Não,"4116059",,31981
4500,Moreira Sales,Não,"4116109",,31982
4501,Morretes,Não,"4116208",,31982
4502,Munhoz de Melo,Não,"4116307",,31982
4503,Nossa Senhora das Graças,Não,"4116406",,31982
4504,Nova Aliança do Ivaí,Não,"4116505",,31982
4505,Nova América da Colina,Não,"4116604",,31982
4506,Nova Aurora,Não,"4116703",,31982
4507,Nova Cantu,Não,"4116802",,31982
4508,Nova Esperança do Sudoeste,Não,"4116950",,31982
4509,Nova Fátima,Não,"4117008",,31982
4510,Nova Laranjeiras,Não,"4117057",,31982
4511,São Pedro do Paraná,Não,"4125902",,31982
4512,São Sebastião da Amoreira,Não,"4126009",,31982
4513,Sapopema,Não,"4126207",,31982
4514,Saudade do Iguaçu,Não,"4126272",,31982
4515,Sengés,Não,"4126306",,31982
4516,Serranópolis do Iguaçu,Não,"4126355",,31981
4517,Sertanópolis,Não,"4126504",,31982
4518,Siqueira Campos,Não,"4126603",,31982
4519,Nova Londrina,Não,"4117107",,31982
4520,Palmas de Monte Alto,Não,"2923407",,31983
4521,Caculé,Não,"2905008",,31983
4522,Potiraguá,Não,"2925402",,31984
4523,Nova Russas,Não,"2309300",,31984
4524,Nova Olímpia,Não,"4117206",,31982
4525,Nova Prata do Iguaçu,Não,"4117255",,31982
4526,Batalha,Não,"2700706",,31984
4527,Nova Santa Bárbara,Não,"4117214",,31982
4528,Nova Tebas,Não,"4117271",,31982
4529,Novo Itacolomi,Não,"4117297",,31982
4530,Ortigueira,Não,"4117305",,31982
4531,Ourizona,Não,"4117404",,31982
4532,Ouro Verde do Oeste,Não,"4117453",,31982
4533,Carneiros,Não,"2701803",,31984
4534,Jacuípe,Não,"2703502",,31985
4535,Paiçandu,Não,"4117503",,31982
4536,Palmas,Não,"4117602",,31982
4537,Palmeira,Não,"4117701",,31982
4538,Paraíso do Norte,Não,"4118006",,31982
4539,Paranacity,Não,"4118105",,31982
4540,Paranaguá,Não,"4118204",,31982
4541,Paranapoema,Não,"4118303",,31982
4542,Paranavaí,Não,"4118402",,31982
4543,Pato Bragado,Não,"4118451",,31981
4544,Jaramataia,Não,"2703700",,31984
4545,Paula Freitas,Não,"4118600",,31982
4546,Paulo Frontin,Não,"4118709",,31982
4547,Peabiru,Não,"4118808",,31982
4548,Presidente Castelo Branco,Não,"4120408",,31982
4549,Prudentópolis,Não,"4120606",,31982
4550,Quarto Centenário,Não,"4120655",,31982
4551,Quatiguá,Não,"4120705",,31982
4552,Lagoa da Canoa,Não,"2704104",,31984
4553,Quatro Barras,Não,"4120804",,31982
4554,Quatro Pontes,Não,"4120853",,31982
4555,Quedas do Iguaçu,Não,"4120903",,31982
4556,Campo Alegre,Não,"2701407",,31984
4557,Querência do Norte,Não,"4121000",,31982
4558,Quinta do Sol,Não,"4121109",,31982
4559,Quitandinha,Não,"4121208",,31982
4560,Ramilândia,Não,"4121257",,31981
4561,Realeza,Não,"4121406",,31982
4562,Rebouças,Não,"4121505",,31982
4563,Renascença,Não,"4121604",,31982
4564,Reserva,Não,"4121703",,31982
4565,Reserva do Iguaçu,Não,"4121752",,31982
4566,Ribeirão Claro,Não,"4121802",,31982
4567,Ribeirão do Pinhal,Não,"4121901",,31982
4568,Rio Azul,Não,"4122008",,31982
4569,Rio Bom,Não,"4122107",,31982
4570,Rio Bonito do Iguaçu,Não,"4122156",,31982
4571,Rio Branco do Ivaí,Não,"4122172",,31982
4572,Rio Branco do Sul,Não,"4122206",,31982
4573,Rio Negro,Não,"4122305",,31982
4574,Rolândia,Não,"4122404",,31982
4575,Roncador,Não,"4122503",,31982
4576,Rosário do Ivaí,Não,"4122651",,31982
4577,Sabáudia,Não,"4122701",,31982
4578,Salgado Filho,Não,"4122800",,31982
4579,Salto do Lontra,Não,"4123006",,31982
4580,Santa Amélia,Não,"4123105",,31982
4581,Santa Cecília do Pavão,Não,"4123204",,31982
4582,Santa Cruz de Monte Castelo,Não,"4123303",,31982
4583,Santa Fé,Não,"4123402",,31982
4584,Santa Helena,Não,"4123501",,31981
4585,Santa Inês,Não,"4123600",,31982
4586,Santa Isabel do Ivaí,Não,"4123709",,31982
4587,Santa Izabel do Oeste,Não,"4123808",,31982
4588,Santa Lúcia,Não,"4123824",,31982
4589,Santa Maria do Oeste,Não,"4123857",,31982
4590,Santa Mariana,Não,"4123907",,31982
4591,Santa Mônica,Não,"4123956",,31982
4592,Santa Tereza do Oeste,Não,"4124020",,31982
4593,Santa Terezinha de Itaipu,Não,"4124053",,31981
4594,Santo Antônio da Platina,Não,"4124103",,31982
4595,Pindaí,Não,"2924504",,31983
4596,Santo Antônio do Caiuá,Não,"4124202",,31982
4597,Santo Antônio do Paraíso,Não,"4124301",,31982
4598,Santo Antônio do Sudoeste,Não,"4124400",,31982
4599,Sarandi,Não,"4126256",,31982
4600,São João do Ivaí,Não,"4125001",,31982
4601,São Jorge d'Oeste,Não,"4125209",,31982
4602,São Jorge do Ivaí,Não,"4125308",,31982
4603,São Jorge do Patrocínio,Não,"4125357",,31982
4604,São José da Boa Vista,Não,"4125407",,31982
4605,São José das Palmeiras,Não,"4125456",,31981
4606,São José dos Pinhais,Não,"4125506",,31982
4607,São Mateus do Sul,Não,"4125605",,31982
4608,São Miguel do Iguaçu,Não,"4125704",,31981
4609,São Pedro do Iguaçu,Não,"4125753",,31982
4610,São Pedro do Ivaí,Não,"4125803",,31982
4611,Sulina,Não,"4126652",,31982
4612,Tamarana,Não,"4126678",,31982
4613,Tamboara,Não,"4126702",,31982
4614,Tapejara,Não,"4126801",,31982
4615,Tapira,Não,"4126900",,31982
4616,Teixeira Soares,Não,"4127007",,31982
4617,Telêmaco Borba,Não,"4127106",,31982
4618,Terra Boa,Não,"4127205",,31982
4619,Candiba,Não,"2906600",,31983
4620,Itarantim,Não,"2916807",,31984
4621,Terra Rica,Não,"4127304",,31982
4622,Terra Roxa,Não,"4127403",,31981
4623,Tibagi,Não,"4127502",,31982
4624,Tijucas do Sul,Não,"4127601",,31982
4625,Toledo,Não,"4127700",,31982
4626,Tomazina,Não,"4127809",,31982
4627,Três Barras do Paraná,Não,"4127858",,31982
4628,Tunas do Paraná,Não,"4127882",,31982
4629,Tuneiras do Oeste,Não,"4127908",,31982
4630,Tupãssi,Não,"4127957",,31982
4631,Turvo,Não,"4127965",,31982
4632,Ubiratã,Não,"4128005",,31982
4633,União da Vitória,Não,"4128203",,31982
4634,Uniflor,Não,"4128302",,31982
4635,Ventania,Não,"4128534",,31982
4636,Vera Cruz do Oeste,Não,"4128559",,31982
4637,Verê,Não,"4128609",,31982
4638,Virmond,Não,"4128658",,31982
4639,Vitorino,Não,"4128708",,31982
4640,Wenceslau Braz,Não,"4128500",,31982
4641,Xambrê,Não,"4128807",,31982
4642,Ribeirão do Largo,Não,"2926657",,31984
4643,Una,Não,"2932507",,31984
4644,Uruçuca,Não,"2932705",,31984
4645,Aramina,Não,"3503000",,31983
4646,Prado,Não,"2925501",,31984
4647,Vereda,Não,"2933257",,31984
4648,Itanhém,Não,"2916005",,31984
4649,Itororó,Não,"2917102",,31984
4650,Mortugaba,Não,"2921807",,31983
4651,Mascote,Não,"2920908",,31984
4652,Rio do Antônio,Não,"2926806",,31983
4653,Cordeiros,Não,"2909000",,31984
4654,Maiquinique,Não,"2920007",,31984
4655,Canavieiras,Não,"2906303",,31984
4656,Itabuna,Não,"2914802",,31984
4657,Macarani,Não,"2919702",,31984
4658,São José da Vitória,Não,"2929354",,31984
4659,Lagoa Real,Não,"2918753",,31983
4660,Buerarema,Não,"2904704",,31984
4661,Ibicaraí,Não,"2912103",,31984
4662,Jacaraci,Não,"2917409",,31983
4663,Itapetinga,Não,"2916401",,31984
4664,Pau Brasil,Não,"2923902",,31984
4665,Itambé,Não,"2915809",,31984
4666,Jussari,Não,"2918555",,31984
4667,Santa Cruz da Vitória,Não,"2927804",,31984
4668,Santa Luzia,Não,"2928059",,31984
4669,Teolândia,Não,"2931608",,31984
4670,Guanambi,Não,"2911709",,31983
4671,Encruzilhada,Não,"2910404",,31984
4672,Floresta Azul,Não,"2911006",,31984
4673,Igreja Nova,Não,"2703205",,31984
4674,Itajuípe,Não,"2915502",,31984
4675,Itaju do Colônia,Não,"2915403",,31984
4676,Itapebi,Não,"2916302",,31984
4677,Boca da Mata,Não,"2701001",,31984
4678,Porto do Mangue,Não,"2410256",,31984
4679,Piraquara,Não,"4119509",,31982
4680,Rio das Pedras,Não,"3544004",,31983
4681,Guaraci,Não,"3517901",,31982
4682,Guarujá,Não,"3518701",,31983
4683,São Romão,Não,"3164209",,31983
4684,Jijoca de Jericoacoara,Não,"2307254",,31984
4685,Acaraú,Não,"2300200",,31984
4686,Cruz,Não,"2304251",,31984
4687,Cocal,Não,"2202703",,31984
4688,Brasileira,Não,"2201960",,31984
4689,Bom Princípio do Piauí,Não,"2201919",,31984
4690,Jatobá do Piauí,Não,"2205276",,31984
4691,Pedro II,Não,"2207900",,31984
4692,Piripiri,Não,"2208403",,31984
4693,Sigefredo Pacheco,Não,"2210656",,31984
4694,São José do Divino,Não,"2210052",,31984
4695,Tacaratu,Não,"2614808",,31984
4696,Gameleira,Não,"2605905",,31985
4697,Pacujá,Não,"2309904",,31984
4698,Jequiá da Praia,Não,"2703759",,31984
4699,Água Preta,Não,"2600401",,31985
4700,Fátima,Não,"2910750",,31984
4701,Banzaê,Não,"2902658",,31984
4702,Cícero Dantas,Não,"2907806",,31984
4703,Cortês,Não,"2604809",,31985
4704,Cascalho Rico,Não,"3115003",,31983
4705,Ipojuca,Não,"2607208",,31985
4706,Bonito,Não,"2602308",,31985
4707,Jaqueira,Não,"2607950",,31985
4708,Agrestina,Não,"2600302",,31985
4709,Neópolis,Não,"2804409",,31984
4710,Pacatuba,Não,"2804904",,31984
4711,Santana do São Francisco,Não,"2806404",,31984
4712,Barra dos Coqueiros,Não,"2800605",,31984
4713,Porto Real do Colégio,Não,"2707503",,31984
4714,Itabi,Não,"2803104",,31984
4715,Iraí de Minas,Não,"3131604",,31983
4716,Douradoquara,Não,"3123502",,31983
4717,Cacimbinhas,Não,"2701209",,31984
4718,Canapi,Não,"2701605",,31984
4719,Jaíba,Não,"3135050",,31983
4720,Guarda-Mor,Não,"3128600",,31983
4721,Vazante,Não,"3171006",,31983
4722,Barreiros,Não,"2601409",,31985
4723,Arapiraca,Não,"2700300",,31984
4724,Coqueiro Seco,Não,"2702207",,31985
4725,Água Branca,Não,"2700102",,31984
4726,Delmiro Gouveia,Não,"2702405",,31984
4727,Coruripe,Não,"2702306",,31984
4728,Capela,Não,"2701704",,31984
4729,Japaratinga,Não,"2703601",,31985
4730,Cajueiro,Não,"2701308",,31984
4731,Craíbas,Não,"2702355",,31984
4732,Barra de São Miguel,Não,"2700607",,31985
4733,Girau do Ponciano,Não,"2702900",,31984
4734,Jacaré dos Homens,Não,"2703403",,31984
4735,Feira Grande,Não,"2702603",,31984
4736,Feliz Deserto,Não,"2702702",,31984
4737,Atalaia,Não,"2700409",,31984
4738,Colônia Leopoldina,Não,"2702108",,31985
4739,Flexeiras,Não,"2702801",,31985
4740,Estrela de Alagoas,Não,"2702553",,31984
4741,Barra de Santo Antônio,Não,"2700508",,31985
4742,Campo Grande,Não,"2701506",,31984
4743,Dois Riachos,Não,"2702504",,31984
4744,Anadia,Não,"2700201",,31984
4745,Campo Grande,Não,"2401305",,31984
4746,Areia Branca,Não,"2401107",,31984
4747,Baraúna,Não,"2401453",,31984
4748,Iati,Não,"2606507",,31984
4749,Lagoa Grande,Não,"3137536",,31983
4750,Cumbe,Não,"2801900",,31984
4751,Santa Brígida,Não,"2927606",,31984
4752,Santa Cruz dos Milagres,Não,"2209153",,31984
4753,São Miguel do Tapuio,Não,"2210409",,31984
4754,São João da Serra,Não,"2209906",,31984
4755,João Pinheiro,Não,"3136306",,31983
4756,Bonfinópolis de Minas,Não,"3108206",,31983
4757,Limoeiro de Anadia,Não,"2704203",,31984
4758,Caiçara do Norte,Não,"2401859",,31984
4759,Galinhos,Não,"2404101",,31984
4760,Apodi,Não,"2401008",,31984
4761,Guamaré,Não,"2404507",,31984
4762,Macau,Não,"2407203",,31984
4763,Murici,Não,"2705507",,31985
4764,Messias,Não,"2705200",,31985
4765,Simão Dias,Não,"2807105",,31984
4766,Cedro de São João,Não,"2801603",,31984
4767,Gracho Cardoso,Não,"2802601",,31984
4768,Aquidabã,Não,"2800209",,31984
4769,Gararu,Não,"2802403",,31984
4770,Caraúbas,Não,"2402303",,31984
4771,Mossoró,Não,"2408003",,31984
4772,Japoatã,Não,"2803401",,31984
4773,Santana do Ipanema,Não,"2708006",,31984
4774,Poço das Trincheiras,Não,"2707206",,31984
4775,São Bento do Norte,Não,"2411601",,31985
4776,Ouro Branco,Não,"2706109",,31984
4777,Águas Belas,Não,"2600500",,31984
4778,Ilha das Flores,Não,"2802700",,31984
4779,Olho d'Água do Casado,Não,"2705804",,31984
4780,Nossa Senhora do Socorro,Não,"2804805",,31984
4781,Olho d'Água das Flores,Não,"2705705",,31984
4782,Umarizal,Não,"2414506",,31984
4783,Viçosa,Não,"2414902",,31984
4784,Olho d'Água do Borges,Não,"2408409",,31984
4785,Campo Alegre de Goiás,Não,"5204805",,31983
4786,Vila Boa,Não,"5222203",,31983
4787,Cabeceiras,Não,"5204003",,31983
4788,Formosa,Não,"5208004",,31983
4789,Planaltina,Não,"5217609",,31983
4790,Luziânia,Não,"5212501",,31982
4791,Cristalina,Não,"5206206",,31983
4792,Coreaú,Não,"2304004",,31984
4793,Jaguaribara,Não,"2306801",,31984
4794,Maracanaú,Não,"2307650",,31984
4795,Maranguape,Não,"2307700",,31984
4796,Martinópole,Não,"2307908",,31984
4797,Forquilha,Não,"2304350",,31984
4798,Ipueiras,Não,"2305902",,31984
4799,Moraújo,Não,"2308807",,31984
4800,Morada Nova,Não,"2308708",,31984
4801,São Gonçalo do Amarante,Não,"2312403",,31984
4802,Pacatuba,Não,"2309706",,31984
4803,Potiretama,Não,"2311231",,31984
4804,Tianguá,Não,"2313401",,31984
4805,Barroquinha,Não,"2302057",,31984
4806,Meruoca,Não,"2308203",,31984
4807,Ipaporanga,Não,"2305654",,31984
4808,Ipu,Não,"2305803",,31984
4809,Itaiçaba,Não,"2306207",,31984
4810,Massapê,Não,"2308005",,31984
4811,Miraíma,Não,"2308377",,31984
4812,Novo Oriente,Não,"2309409",,31984
4813,Quiterianópolis,Não,"2311264",,31984
4814,São Luís do Curu,Não,"2312601",,31984
4815,Pentecoste,Não,"2310704",,31984
4816,Senador Sá,Não,"2312809",,31984
4817,Sobral,Não,"2312908",,31984
4818,Uruoca,Não,"2313906",,31984
4819,São Miguel dos Campos,Não,"2708600",,31984
4820,Viçosa do Ceará,Não,"2314102",,31984
4821,Monteirópolis,Não,"2705408",,31984
4822,Acarape,Não,"2300150",,31984
4823,Capistrano,Não,"2302909",,31984
4824,Guaiúba,Não,"2304954",,31984
4825,São Brás,Não,"2708204",,31984
4826,Horizonte,Não,"2305233",,31984
4827,Itapiúna,Não,"2306504",,31984
4828,Mulungu,Não,"2309102",,31984
4829,Monsenhor Tabosa,Não,"2308609",,31984
4830,Madalena,Não,"2307635",,31984
4831,Independência,Não,"2305605",,31984
4832,Jaguaruana,Não,"2307007",,31984
4833,Palhano,Não,"2310001",,31984
4834,São Miguel dos Milagres,Não,"2708709",,31985
4835,Pacajus,Não,"2309607",,31984
4836,Pacoti,Não,"2309805",,31984
4837,Palmácia,Não,"2310100",,31984
4838,Varjota,Não,"2313955",,31984
4839,Redenção,Não,"2311603",,31984
4840,Ocara,Não,"2309458",,31984
4841,Santa Quitéria,Não,"2312205",,31984
4842,Quixadá,Não,"2311306",,31984
4843,Roteiro,Não,"2707800",,31985
4844,Tamboril,Não,"2313203",,31984
4845,Itatira,Não,"2306603",,31984
4846,Icapuí,Não,"2305357",,31984
4847,Itapipoca,Não,"2306405",,31984
4848,Mombaça,Não,"2308500",,31984
4849,Milhã,Não,"2308351",,31984
4850,Marco,Não,"2307809",,31984
4851,Morrinhos,Não,"2308906",,31984
4852,Mucambo,Não,"2309003",,31984
4853,Pedra Branca,Não,"2310506",,31984
4854,Passo de Camaragibe,Não,"2706505",,31985
4855,Piquet Carneiro,Não,"2310902",,31984
4856,Senador Pompeu,Não,"2312700",,31984
4857,Santana do Acaraú,Não,"2312007",,31984
4858,Aratuba,Não,"2301406",,31984
4859,Paraipaba,Não,"2310258",,31984
4860,São Benedito,Não,"2312304",,31984
4861,Solonópole,Não,"2313005",,31984
4862,Tabuleiro do Norte,Não,"2313104",,31984
4863,Ubajara,Não,"2313609",,31984
4864,Trairi,Não,"2313500",,31984
4865,Uruburetama,Não,"2313807",,31984
4866,Minador do Negrão,Não,"2705309",,31984
4867,Carnaubal,Não,"2303402",,31984
4868,Ibicuitinga,Não,"2305332",,31984
4869,Itapajé,Não,"2306306",,31984
4870,Pindoretama,Não,"2310852",,31984
4871,Tejuçuoca,Não,"2313351",,31984
4872,Tururu,Não,"2313559",,31984
4873,Umirim,Não,"2313757",,31984
4874,Aquiraz,Não,"2301000",,31984
4875,Alto Santo,Não,"2300705",,31984
4876,Alcântaras,Não,"2300507",,31984
4877,Amontada,Não,"2300754",,31984
4878,Apuiarés,Não,"2300903",,31984
4879,Croatá,Não,"2304236",,31984
4880,Irauçuba,Não,"2306108",,31984
4881,Ararendá,Não,"2301257",,31984
4882,Aracati,Não,"2301109",,31984
4883,Aracoiaba,Não,"2301208",,31984
4884,Tanque d'Arca,Não,"2709004",,31984
4885,Mata Grande,Não,"2705002",,31984
4886,Eusébio,Não,"2304285",,31984
4887,Caucaia,Não,"2303709",,31984
4888,Banabuiú,Não,"2301851",,31984
4889,Groaíras,Não,"2304905",,31984
4890,Graça,Não,"2304657",,31984
4891,Fortim,Não,"2304459",,31984
4892,Ibaretama,Não,"2305266",,31984
4893,Caridade,Não,"2303006",,31984
4894,Guaramiranga,Não,"2305100",,31984
4895,Doutor Severiano,Não,"2403202",,31984
4896,Barreira,Não,"2301950",,31984
4897,Choró,Não,"2303931",,31984
4898,Pires Ferreira,Não,"2310951",,31984
4899,General Sampaio,Não,"2304608",,31984
4900,Canindé,Não,"2302800",,31984
4901,Deputado Irapuan Pinheiro,Não,"2304269",,31984
4902,Milton Brandão,Não,"2206357",,31984
4903,Crateús,Não,"2304103",,31984
4904,Piracuruca,Não,"2208304",,31984
4905,São João da Fronteira,Não,"2209872",,31984
4906,Chaval,Não,"2303907",,31984
4907,Barreirinhas,Não,"2101707",,31983
4908,Paulino Neves,Não,"2108058",,31983
4909,Santo Amaro do Maranhão,Não,"2110278",,31983
4910,Igaci,Não,"2703106",,31984
4911,Marechal Deodoro,Não,"2704708",,31985
4912,Catunda,Não,"2303659",,31984
4913,Itainópolis,Não,"2205003",,31984
4914,Granja,Não,"2304707",,31984
4915,Bela Cruz,Não,"2302305",,31984
4916,Baturité,Não,"2302107",,31984
4917,Ibiapina,Não,"2305308",,31984
4918,Cariré,Não,"2303105",,31984
4919,Guaraciaba do Norte,Não,"2305001",,31984
4920,Chorozinho,Não,"2303956",,31984
4921,Cascavel,Não,"2303501",,31984
4922,Beberibe,Não,"2302206",,31984
4923,Maribondo,Não,"2704807",,31984
4924,Hidrolândia,Não,"2305209",,31984
4925,Boa Viagem,Não,"2302404",,31984
4926,Limoeiro do Norte,Não,"2307601",,31984
4927,Paracuru,Não,"2310209",,31984
4928,Poranga,Não,"2311009",,31984
4929,Reriutaba,Não,"2311702",,31984
4930,José da Penha,Não,"2406007",,31984
4931,Russas,Não,"2311801",,31984
4932,Paramoti,Não,"2310407",,31984
4933,Quixeramobim,Não,"2311405",,31984
4934,Jeremoabo,Não,"2918100",,31984
4935,Paulo Afonso,Não,"2924009",,31984
4936,Glória,Não,"2911402",,31984
4937,Buriti dos Montes,Não,"2202026",,31984
4938,Pindoba,Não,"2707008",,31984
4939,Buriti dos Lopes,Não,"2202000",,31984
4940,Domingos Mourão,Não,"2203420",,31984
4941,Capitão de Campos,Não,"2202406",,31984
4942,Castelo do Piauí,Não,"2202604",,31984
4943,Caxingó,Não,"2202653",,31984
4944,Cocal de Telha,Não,"2202711",,31984
4945,Caraúbas do Piauí,Não,"2202539",,31984
4946,Chã Preta,Não,"2701902",,31984
4947,Lagoa de São Francisco,Não,"2205573",,31984
4948,Juazeiro do Piauí,Não,"2205516",,31984
4949,Novo Santo Antônio,Não,"2206951",,31984
4950,Juru,Não,"2508000",,31984
4951,Água Doce do Maranhão,Não,"2100154",,31983
4952,Humberto de Campos,Não,"2105005",,31983
4953,Primeira Cruz,Não,"2109403",,31983
4954,Tutóia,Não,"2112506",,31983
4955,Coité do Nóia,Não,"2702009",,31984
4956,Taquarana,Não,"2709103",,31984
4957,Joaquim Gomes,Não,"2703809",,31985
4958,Santa Luzia do Norte,Não,"2707909",,31985
4959,Olho d'Água Grande,Não,"2705903",,31984
4960,Quebrangulo,Não,"2707602",,31984
4961,Paripueira,Não,"2706448",,31985
4962,Teotônio Vilela,Não,"2709152",,31984
4963,Pão de Açúcar,Não,"2706406",,31984
4964,Grossos,Não,"2404408",,31984
4965,Pilar,Não,"2706901",,31984
4966,Itaú,Não,"2404903",,31984
4967,São Luís do Quitunde,Não,"2708501",,31985
4968,Matriz de Camaragibe,Não,"2705101",,31985
4969,Lagoa,Não,"2508109",,31984
4970,União dos Palmares,Não,"2709301",,31984
4971,Pariconha,Não,"2706422",,31984
4972,Lajes,Não,"2406700",,31984
4973,Major Isidoro,Não,"2704401",,31984
4974,Maruim,Não,"2804003",,31984
4975,Viçosa,Não,"2709400",,31984
4976,Propriá,Não,"2805703",,31984
4977,Paraú,Não,"2408706",,31984
4978,São José da Tapera,Não,"2708402",,31984
4979,Pedro Avelino,Não,"2409704",,31984
4980,Lucrécia,Não,"2406908",,31984
4981,Porto de Pedras,Não,"2707404",,31985
4982,Luís Gomes,Não,"2407005",,31984
4983,Porto Calvo,Não,"2707305",,31985
4984,Rio Largo,Não,"2707701",,31985
4985,Penedo,Não,"2706703",,31984
4986,Siriri,Não,"2807204",,31984
4987,Tomar do Geru,Não,"2807501",,31984
4988,Maragogi,Não,"2704500",,31985
4989,Capela,Não,"2801306",,31984
4990,Carmópolis,Não,"2801504",,31984
4991,Major Sales,Não,"2407252",,31984
4992,Estância,Não,"2802106",,31984
4993,General Maynard,Não,"2802502",,31984
4994,Malhada dos Bois,Não,"2803807",,31984
4995,Marcelino Vieira,Não,"2407302",,31984
4996,Muribeca,Não,"2804300",,31984
4997,Nossa Senhora das Dores,Não,"2804607",,31984
4998,Poço Redondo,Não,"2805406",,31984
4999,Marizópolis,Não,"2509156",,31984
5000,Rosário do Catete,Não,"2806107",,31984
5001,Bodó,Não,"2401651",,31984
5002,Tibau,Não,"2411056",,31984
5003,Santa Rosa de Lima,Não,"2806503",,31984
5004,Fernando Pedroza,Não,"2403756",,31984
5005,Triunfo Potiguar,Não,"2414456",,31984
5006,Angicos,Não,"2400802",,31984
5007,Alagoinha do Piauí,Não,"2200251",,31984
5008,Alegrete do Piauí,Não,"2200277",,31984
5009,Carnaubais,Não,"2402501",,31984
5010,Ipanguaçu,Não,"2404705",,31984
5011,Itajá,Não,"2404853",,31984
5012,Alexandria,Não,"2400505",,31984
5013,Pendências,Não,"2409902",,31984
5014,Riacho da Cruz,Não,"2410702",,31984
5015,Rodolfo Fernandes,Não,"2411007",,31984
5016,Santana do Matos,Não,"2411403",,31984
5017,São Rafael,Não,"2412807",,31984
5018,São Tomé,Não,"2412906",,31984
5019,Serra do Mel,Não,"2413359",,31984
5020,Severiano Melo,Não,"2413607",,31984
5021,Upanema,Não,"2414605",,31984
5022,Dom Bosco,Não,"3122470",,31983
5023,Paracatu,Não,"3147006",,31983
5024,Pedras de Maria da Cruz,Não,"3149150",,31983
5025,Riachinho,Não,"3154457",,31983
5026,São Francisco,Não,"3161106",,31983
5027,São João da Ponte,Não,"3162401",,31983
5028,Unaí,Não,"3170404",,31983
5029,Uruana de Minas,Não,"3170479",,31983
5030,Antônio Martins,Não,"2400901",,31984
5031,Araripina,Não,"2601102",,31984
5032,Palmeira dos Índios,Não,"2706307",,31984
5033,Afogados da Ingazeira,Não,"2600104",,31984
5034,Água Branca,Não,"2500106",,31984
5035,Água Nova,Não,"2400406",,31984
5036,Aroazes,Não,"2200905",,31984
5037,Almino Afonso,Não,"2400604",,31984
5038,Aroeiras do Itaim,Não,"2200954",,31984
5039,Bodocó,Não,"2602001",,31984
5040,Bom Sucesso,Não,"2502300",,31984
5041,Brejo dos Santos,Não,"2502904",,31984
5042,Cajazeiras,Não,"2503704",,31984
5043,Catolé do Rocha,Não,"2504306",,31984
5044,Cajueiro da Praia,Não,"2202083",,31984
5045,Campinas do Piauí,Não,"2202109",,31984
5046,Campo Grande do Piauí,Não,"2202133",,31984
5047,Catingueira,Não,"2504207",,31984
5048,Conceição do Canindé,Não,"2202802",,31984
5049,Curral Novo do Piauí,Não,"2203271",,31984
5050,Diamante,Não,"2505600",,31984
5051,Dom Expedito Lopes,Não,"2203404",,31984
5052,Martins,Não,"2407401",,31984
5053,Emas,Não,"2505907",,31984
5054,Floresta do Piauí,Não,"2203859",,31984
5055,Massapê do Piauí,Não,"2206050",,31984
5056,Francisco Dantas,Não,"2403905",,31984
5057,Francisco Macedo,Não,"2204154",,31984
5058,Francisco Santos,Não,"2204204",,31984
5059,Frutuoso Gomes,Não,"2404002",,31984
5060,Geminiano,Não,"2204352",,31984
5061,Ibiara,Não,"2506608",,31984
5062,Igaracy,Não,"2502607",,31984
5063,Paquetá,Não,"2207553",,31984
5064,Imaculada,Não,"2506707",,31984
5065,Inhuma,Não,"2204709",,31984
5066,Ipiranga do Piauí,Não,"2204808",,31984
5067,Ipubi,Não,"2607307",,31984
5068,Isaías Coelho,Não,"2204907",,31984
5069,Jacobina do Piauí,Não,"2205151",,31984
5070,Jaicós,Não,"2205201",,31984
5071,João Dias,Não,"2405900",,31984
5072,Lagoa do Sítio,Não,"2205599",,31984
5073,Lastro,Não,"2508406",,31984
5074,Mato Grosso,Não,"2509370",,31984
5075,Messias Targino,Não,"2407609",,31984
5076,Monsenhor Hipólito,Não,"2206506",,31984
5077,Nazarezinho,Não,"2510006",,31984
5078,Novo Oriente do Piauí,Não,"2206902",,31984
5079,Olho d'Água,Não,"2510402",,31984
5080,Padre Marcos,Não,"2207207",,31984
5081,Riacho dos Cavalos,Não,"2512804",,31984
5082,Santa Cruz,Não,"2513208",,31984
5083,Santa Cruz do Piauí,Não,"2209104",,31984
5084,Santa Helena,Não,"2513307",,31984
5085,Santana de Mangueira,Não,"2513505",,31984
5086,Santana do Piauí,Não,"2209351",,31984
5087,São Francisco do Oeste,Não,"2411908",,31984
5088,São João da Canabrava,Não,"2209856",,31984
5089,São João da Varjota,Não,"2209955",,31984
5090,São João do Rio do Peixe,Não,"2500700",,31984
5091,São José da Lagoa Tapada,Não,"2514206",,31984
5092,São José de Caiana,Não,"2514305",,31984
5093,São José de Piranhas,Não,"2514503",,31984
5094,São José de Princesa,Não,"2514552",,31984
5095,São José do Piauí,Não,"2210201",,31984
5096,São Julião,Não,"2210300",,31984
5097,Serra Grande,Não,"2515708",,31984
5098,Serrinha dos Pintos,Não,"2413557",,31984
5099,Simões,Não,"2210706",,31984
5100,Sousa,Não,"2516201",,31984
5101,Sussuapara,Não,"2210938",,31984
5102,Tabira,Não,"2614600",,31984
5103,Tauá,Não,"2313302",,31984
5104,Tavares,Não,"2516607",,31984
5105,Tenente Ananias,Não,"2414100",,31984
5106,Vieirópolis,Não,"2517209",,31984
5107,Vila Nova do Piauí,Não,"2211605",,31984
5108,Wall Ferraz,Não,"2211704",,31984
5109,Dona Euzébia,Não,"3122900",,31983
5110,São Tomé das Letras,Não,"3165206",,31983
5111,Tabocão,Não,"1708254",,31982
5112,Triunfo,Não,"2516805",,31984
5113,Cedro,Não,"2604304",,31984
5114,Picos,Não,"2208007",,31984
5115,Santa Juliana,Não,"3157708",,31983
5116,Sacramento,Não,"3156908",,31983
5117,Serra do Salitre,Não,"3166808",,31983
5118,Bom Jesus,Não,"2502201",,31984
5119,Solidão,Não,"2614402",,31984
5120,Triunfo,Não,"2615706",,31984
5121,Jericó,Não,"2507408",,31984
5122,Nova Olinda,Não,"2510204",,31984
5123,Brejo do Cruz,Não,"2502805",,31984
5124,Matutina,Não,"3141207",,31983
5125,Santa Rosa da Serra,Não,"3159704",,31983
5126,São Gotardo,Não,"3162104",,31983
5127,Serra da Saudade,Não,"3166600",,31983
5128,Tiros,Não,"3168903",,31983
5129,Estrela do Indaiá,Não,"3124708",,31983
5130,Luz,Não,"3138807",,31983
5131,Abaeté,Não,"3100203",,31983
5132,Quartel Geral,Não,"3153707",,31983
5133,Rio Paranaíba,Não,"3155504",,31983
5134,Medeiros,Não,"3141306",,31983
5135,Várzea Alegre,Não,"2314003",,31984
5136,Tarrafas,Não,"2313252",,31984
5137,Granjeiro,Não,"2304806",,31984
5138,Antonina do Norte,Não,"2300804",,31984
5139,Ipaumirim,Não,"2305704",,31984
5140,Farias Brito,Não,"2304301",,31984
5141,Assaré,Não,"2301604",,31984
5142,Baixio,Não,"2301802",,31984
5143,Aparecida,Não,"2500775",,31984
5144,Condado,Não,"2504504",,31984
5145,Cajazeirinhas,Não,"2503753",,31984
5146,São Bentinho,Não,"2513927",,31984
5147,Campo Limpo de Goiás,Não,"5204854",,31982
5148,São Domingos,Não,"2513968",,31984
5149,Vista Serrana,Não,"2505501",,31984
5150,Pio IX,Não,"2208205",,31984
5151,Assú,Não,"2400208",,31984
5152,Nova Veneza,Não,"5215009",,31982
5153,Petrolina de Goiás,Não,"5216809",,31982
5154,Anápolis,Não,"5201108",,31982
5155,Bonito de Santa Fé,Não,"2502409",,31984
5156,Itaporanga,Não,"2507002",,31984
5157,Manaíra,Não,"2509008",,31984
5158,Monte Horebe,Não,"2509602",,31984
5159,Santa Cruz da Baixa Verde,Não,"2612471",,31984
5160,Santa Inês,Não,"2513356",,31984
5161,Iguaracy,Não,"2606903",,31984
5162,Calumbi,Não,"2603405",,31984
5163,Flores,Não,"2605608",,31984
5164,São José do Belmonte,Não,"2613503",,31984
5165,Serra Talhada,Não,"2613909",,31984
5166,Crato,Não,"2304202",,31984
5167,Caririaçu,Não,"2303204",,31984
5168,Barbalha,Não,"2301901",,31984
5169,Nova Venécia,Não,"3203908",,31984
5170,Granito,Não,"2606309",,31984
5171,Ouricuri,Não,"2609907",,31984
5172,Serrita,Não,"2614006",,31984
5173,Ouro Verde de Goiás,Não,"5215405",,31982
5174,Amaraji,Não,"2600906",,31985
5175,Bonfinópolis,Não,"5203559",,31982
5176,Joaquim Nabuco,Não,"2608206",,31985
5177,Novo Gama,Não,"5215231",,31982
5178,Caturaí,Não,"5205208",,31982
5179,Senador Canedo,Não,"5220454",,31982
5180,Aparecida de Goiânia,Não,"5201405",,31982
5181,Abadiânia,Não,"5200100",,31982
5182,Alexânia,Não,"5200308",,31982
5183,Goianápolis,Não,"5208400",,31982
5184,Bela Vista de Goiás,Não,"5203302",,31982
5185,Chã Grande,Não,"2604502",,31985
5186,Santa Rosa de Goiás,Não,"5219506",,31982
5187,Hidrolândia,Não,"5209705",,31982
5188,Caldazinha,Não,"5204557",,31982
5189,Vianópolis,Não,"5222005",,31982
5190,Gameleira de Goiás,Não,"5208152",,31982
5191,Gravatá,Não,"2606408",,31985
5192,Abadia de Goiás,Não,"5200050",,31982
5193,Trindade,Não,"5221403",,31982
5194,Goianira,Não,"5208806",,31982
5195,Leopoldo de Bulhões,Não,"5212303",,31982
5196,Conceição das Alagoas,Não,"3117306",,31982
5197,Inhumas,Não,"5210000",,31982
5198,Salgado,Não,"2806206",,31984
5199,Santa Luzia do Itanhy,Não,"2806305",,31984
5200,Cupira,Não,"2605004",,31985
5201,São Cristóvão,Não,"2806701",,31984
5202,Riacho das Almas,Não,"2611705",,31985
5203,Escada,Não,"2605202",,31985
5204,Cumaru,Não,"2604908",,31985
5205,Ibateguara,Não,"2703007",,31985
5206,Glória do Goitá,Não,"2606101",,31985
5207,São Lourenço da Mata,Não,"2613701",,31985
5208,Catende,Não,"2604205",,31985
5209,Chã de Alegria,Não,"2604403",,31985
5210,Jundiá,Não,"2703908",,31985
5211,Lagoa dos Gatos,Não,"2608701",,31985
5212,Campestre,Não,"2701357",,31985
5213,Novo Lino,Não,"2705606",,31985
5214,Jaboatão dos Guararapes,Não,"2607901",,31985
5215,Bezerros,Não,"2601904",,31985
5216,Cabo de Santo Agostinho,Não,"2602902",,31985
5217,Camaragibe,Não,"2603454",,31985
5218,Camocim de São Félix,Não,"2603504",,31985
5219,Caruaru,Não,"2604106",,31984
5220,Maraial,Não,"2609204",,31985
5221,Palmares,Não,"2610004",,31985
5222,Moreno,Não,"2609402",,31985
5223,Boquim,Não,"2800670",,31984
5224,Pombos,Não,"2611309",,31985
5225,Lamarão,Não,"2919108",,31984
5226,Primavera,Não,"2611408",,31985
5227,Ribeirão,Não,"2611804",,31985
5228,Rio Formoso,Não,"2611903",,31985
5229,Umbaúba,Não,"2807600",,31984
5230,Araci,Não,"2902104",,31984
5231,Cipó,Não,"2907905",,31984
5232,Arauá,Não,"2800407",,31984
5233,Ribeira do Amparo,Não,"2926509",,31984
5234,Cardeal da Silva,Não,"2907004",,31984
5235,Santa Bárbara,Não,"2927507",,31984
5236,Rio Real,Não,"2927002",,31984
5237,Crisópolis,Não,"2909604",,31984
5238,Itapicuru,Não,"2916500",,31984
5239,Entre Rios,Não,"2910503",,31984
5240,Nova Soure,Não,"2922904",,31984
5241,Cristinápolis,Não,"2801702",,31984
5242,Teofilândia,Não,"2931509",,31984
5243,Pedrinhas,Não,"2805109",,31984
5244,Biritinga,Não,"2903607",,31984
5245,Jandaíra,Não,"2917904",,31984
5246,Sátiro Dias,Não,"2929701",,31984
5247,Esplanada,Não,"2910602",,31984
5248,Olindina,Não,"2923100",,31984
5249,Inhambupe,Não,"2913705",,31984
5250,Acajutiba,Não,"2900306",,31984
5251,Pirambu,Não,"2805307",,31984
5252,Água Fria,Não,"2900405",,31984
5253,Aporá,Não,"2901908",,31984
5254,Indiaroba,Não,"2802809",,31984
5255,Itabaianinha,Não,"2803005",,31984
5256,Riachão do Dantas,Não,"2805802",,31984
5257,Tobias Barreto,Não,"2807402",,31984
5258,Conde,Não,"2908606",,31984
5259,Telha,Não,"2807303",,31984
5260,Campo do Brito,Não,"2801009",,31984
5261,Divina Pastora,Não,"2802007",,31984
5262,Feira Nova,Não,"2802205",,31984
5263,Itabaiana,Não,"2802908",,31984
5264,Itaporanga d'Ajuda,Não,"2803203",,31984
5265,Japaratuba,Não,"2803302",,31984
5266,Laranjeiras,Não,"2803609",,31984
5267,Moita Bonita,Não,"2804102",,31984
5268,Malhador,Não,"2803906",,31984
5269,Nossa Senhora Aparecida,Não,"2804458",,31984
5270,Nossa Senhora da Glória,Não,"2804508",,31984
5271,Nossa Senhora de Lourdes,Não,"2804706",,31984
5272,Riachuelo,Não,"2805901",,31984
5273,Ribeirópolis,Não,"2806008",,31984
5274,Santo Amaro das Brotas,Não,"2806602",,31984
5275,São Miguel do Aleixo,Não,"2807006",,31984
5276,Amparo do São Francisco,Não,"2800100",,31984
5277,Palmeirina,Não,"2610103",,31984
5278,Vitória de Santo Antão,Não,"2616407",,31985
5279,São José da Laje,Não,"2708303",,31984
5280,Delta,Não,"3121258",,31983
5281,Araxá,Não,"3104007",,31983
5282,São Sebastião,Não,"2708808",,31984
5283,Pedrinópolis,Não,"3149200",,31983
5284,Perdizes,Não,"3149804",,31983
5285,Tapira,Não,"3168101",,31983
5286,Uberaba,Não,"3170107",,31983
5287,Maravilha,Não,"2704609",,31984
5288,Itapemirim,Não,"3202801",,31984
5289,Baixo Guandu,Não,"3200805",,31984
5290,Senador Rui Palmeira,Não,"2708956",,31984
5291,Porto da Folha,Não,"2805604",,31984
5292,Paulo Jacinto,Não,"2706604",,31984
5293,Santana do Mundaú,Não,"2708105",,31984
5294,Belo Monte,Não,"2700904",,31984
5295,Branquinha,Não,"2701100",,31984
5296,Correntes,Não,"2604700",,31984
5297,Bom Conselho,Não,"2602100",,31984
5298,Xexéu,Não,"2616506",,31985
5299,Brejão,Não,"2602407",,31984
5300,Penaforte,Não,"2310605",,31984
5301,Jati,Não,"2307205",,31984
5302,Lagoa do Ouro,Não,"2608602",,31984
5303,Terezinha,Não,"2615102",,31984
5304,Traipu,Não,"2709202",,31984
5305,Piúma,Não,"3204203",,31984
5306,Rio Bananal,Não,"3204351",,31984
5307,Antas,Não,"2901601",,31984
5308,Sítio do Quinto,Não,"2930766",,31984
5309,Novo Triunfo,Não,"2923050",,31984
5310,Abaiara,Não,"2300101",,31984
5311,Pedro Alexandre,Não,"2924207",,31984
5312,Paripiranga,Não,"2923803",,31984
5313,Adustina,Não,"2900355",,31984
5314,Coronel João Sá,Não,"2909208",,31984
5315,Porteiras,Não,"2311108",,31984
5316,Carira,Não,"2801405",,31984
5317,Macambira,Não,"2803708",,31984
5318,Monte Alegre de Sergipe,Não,"2804201",,31984
5319,Pedra Mole,Não,"2805000",,31984
5320,Pinhão,Não,"2805208",,31984
5321,Poço Verde,Não,"2805505",,31984
5322,São Domingos,Não,"2806800",,31984
5323,Inhapi,Não,"2703304",,31984
5324,Piranhas,Não,"2707107",,31984
5325,Canindé de São Francisco,Não,"2801207",,31984
5326,Jatobá,Não,"2608057",,31984
5327,Tucano,Não,"2931905",,31984
5328,Ribeira do Pombal,Não,"2926608",,31984
5329,Petrolândia,Não,"2611002",,31984
5330,São Benedito do Sul,Não,"2612901",,31985
5331,São Joaquim do Monte,Não,"2613305",,31985
5332,São José da Coroa Grande,Não,"2613404",,31985
5333,Sirinhaém,Não,"2614204",,31985
5334,Tamandaré,Não,"2614857",,31985
5335,Potengi,Não,"2311207",,31984
5336,Carrapateira,Não,"2504108",,31984
5337,Conceição,Não,"2504405",,31984
5338,Missão Velha,Não,"2308401",,31984
5339,Salitre,Não,"2311959",,31984
5340,Araripe,Não,"2301307",,31984
5341,Campos Sales,Não,"2302701",,31984
5342,Exu,Não,"2605301",,31984
5343,Moreilândia,Não,"2614303",,31984
5344,Nova Olinda,Não,"2309201",,31984
5345,Altaneira,Não,"2300606",,31984
5346,Juazeiro do Norte,Não,"2307304",,31984
5347,Milagres,Não,"2308302",,31984
5348,Santana do Cariri,Não,"2312106",,31984
5349,Mauriti,Não,"2308104",,31984
5350,Carnaíba,Não,"2603900",,31984
5351,Brejo Santo,Não,"2302503",,31984
5352,Santo Antônio do Descoberto,Não,"5219753",,31982
5353,São Francisco de Goiás,Não,"5219902",,31982
5354,Santa Isabel,Não,"5219357",,31982
5355,Jaraguá,Não,"5211800",,31982
5356,Padre Bernardo,Não,"5215603",,31982
5357,Goianésia,Não,"5208608",,31982
5358,Vila Propício,Não,"5222302",,31982
5359,Mimoso de Goiás,Não,"5213053",,31982
5360,Parambu,Não,"2310308",,31984
5361,Icó,Não,"2305407",,31984
5362,Barro,Não,"2302008",,31984
5363,São José do Calçado,Não,"3204807",,31984
5364,Aguiar,Não,"2500205",,31984
5365,Boa Ventura,Não,"2502102",,31984
5366,Jesúpolis,Não,"5212055",,31982
5367,Pirenópolis,Não,"5217302",,31982
5368,Cocalzinho de Goiás,Não,"5205513",,31982
5369,Santa Rita do Novo Destino,Não,"5219456",,31982
5370,Corumbá de Goiás,Não,"5205802",,31982
5371,Águas Lindas de Goiás,Não,"5200258",,31982
5372,Umari,Não,"2313708",,31984
5373,Anhanguera,Não,"5201207",,31982
5374,Itumbiara,Não,"5211503",,31982
5375,Panamá,Não,"5216007",,31982
5376,Orós,Não,"2309508",,31984
5377,Aurora,Não,"2301703",,31984
5378,Lavras da Mangabeira,Não,"2307502",,31984
5379,Itacarambi,Não,"3132107",,31983
5380,Bonito de Minas,Não,"3108255",,31983
5381,Ibiracatu,Não,"3129657",,31983
5382,Januária,Não,"3135209",,31983
5383,Japonvar,Não,"3135357",,31983
5384,Lontra,Não,"3138658",,31983
5385,Varzelândia,Não,"3170909",,31983
5386,Verdelândia,Não,"3171030",,31983
5387,Encanto,Não,"2403301",,31984
5388,Ereré,Não,"2304277",,31984
5389,Pereiro,Não,"2310803",,31984
5390,Chapada Gaúcha,Não,"3116159",,31983
5391,Brasilândia de Minas,Não,"3108552",,31983
5392,Natalândia,Não,"3144375",,31983
5393,Pintópolis,Não,"3150570",,31983
5394,Santa Fé de Minas,Não,"3157609",,31983
5395,Urucuia,Não,"3170529",,31983
5396,Buritis,Não,"3109303",,31983
5397,Arinos,Não,"3104502",,31983
5398,Ilha Grande,Não,"2204659",,31984
5399,Luís Correia,Não,"2205706",,31984
5400,Parnaíba,Não,"2207702",,31984
5401,Camocim,Não,"2302602",,31984
5402,Araioses,Não,"2100907",,31984
5403,João Neiva,Não,"3203130",,31984
5404,Taboleiro Grande,Não,"2413805",,31984
5405,Quixeré,Não,"2311504",,31984
5406,São João do Jaguaribe,Não,"2312502",,31984
5407,Araguari,Não,"3103504",,31982
5408,Canápolis,Não,"3111804",,31982
5409,Monte Alegre de Minas,Não,"3142809",,31982
5410,Araporã,Não,"3103751",,31982
5411,Tupaciguara,Não,"3169604",,31982
5412,Uberlândia,Não,"3170206",,31982
5413,Centralina,Não,"3115805",,31982
5414,Nova Aurora,Não,"5214804",,31982
5415,Goiatuba,Não,"5209101",,31982
5416,Goiandira,Não,"5208509",,31982
5417,Cumari,Não,"5206602",,31982
5418,Damolândia,Não,"5206800",,31982
5419,Aragoiânia,Não,"5201801",,31982
5420,Silvânia,Não,"5220603",,31982
5421,Ibiraçu,Não,"3202504",,31984
5422,Fundão,Não,"3202207",,31984
5423,Domingos Martins,Não,"3201902",,31984
5424,Nerópolis,Não,"5214507",,31982
5425,Santo Antônio de Goiás,Não,"5219738",,31982
5426,Terezópolis de Goiás,Não,"5221197",,31982
5427,Brazabrantes,Não,"5203609",,31982
5428,Morada Nova de Minas,Não,"3143500",,31983
5429,Biquinhas,Não,"3107000",,31983
5430,Três Marias,Não,"3169356",,31983
5431,Paineiras,Não,"3146404",,31983
5432,Presidente Olegário,Não,"3153400",,31983
5433,São Gonçalo do Abaeté,Não,"3161700",,31983
5434,Varjão de Minas,Não,"3170750",,31983
5435,Carmo do Paranaíba,Não,"3114303",,31983
5436,Lagoa Formosa,Não,"3137502",,31983
5437,Iguatu,Não,"2305506",,31984
5438,Santa Teresa,Não,"3204609",,31984
5439,Quixelô,Não,"2311355",,31984
5440,Saboeiro,Não,"2311900",,31984
5441,Cruzeiro da Fortaleza,Não,"3120706",,31983
5442,Patos de Minas,Não,"3148004",,31983
5443,Patrocínio,Não,"3148103",,31983
5444,Cariús,Não,"2303303",,31984
5445,Jucás,Não,"2307403",,31984
5446,Aiuaba,Não,"2300408",,31984
5447,Pirajuba,Não,"3150703",,31982
5448,Santa Leopoldina,Não,"3204500",,31984
5449,Santa Maria de Jetibá,Não,"3204559",,31984
5450,Catarina,Não,"2303600",,31984
5451,Cedro,Não,"2303808",,31984
5452,Arneiroz,Não,"2301505",,31984
5453,Acopiara,Não,"2300309",,31984
5454,Araújos,Não,"3103900",,31983
5455,Arapuá,Não,"3103801",,31983
5456,Campos Altos,Não,"3111507",,31983
5457,Bom Despacho,Não,"3107406",,31983
5458,Pratinha,Não,"3153004",,31983
5459,Dores do Indaiá,Não,"3123205",,31983
5460,Leandro Ferreira,Não,"3138302",,31983
5461,Martinho Campos,Não,"3140506",,31983
5462,Moema,Não,"3142403",,31983
5463,Perdigão,Não,"3149705",,31983
5464,Campina Verde,Não,"3111101",,31982
5465,Campo Florido,Não,"3111408",,31982
5466,Prata,Não,"3152808",,31982
5467,Abadia dos Dourados,Não,"3100104",,31983
5468,Cachoeiro de Itapemirim,Não,"3201209",,31984
5469,Mucurici,Não,"3203601",,31984
5470,Ponto Belo,Não,"3204252",,31984
5471,Guimarânia,Não,"3128907",,31983
5472,Lagamar,Não,"3137106",,31983
5473,Grupiara,Não,"3127909",,31983
5474,Estrela do Sul,Não,"3124807",,31983
5475,Monte Carmelo,Não,"3143104",,31983
5476,Três Ranchos,Não,"5221304",,31983
5477,Ouvidor,Não,"5215504",,31983
5478,Catalão,Não,"5205109",,31983
5479,Davinópolis,Não,"5206909",,31983
5480,Ibiá,Não,"3129509",,31983
5481,Conquista,Não,"3118205",,31983
5482,Indianópolis,Não,"3130705",,31983
5483,Nova Ponte,Não,"3145000",,31983
5484,Irupi,Não,"3202652",,31984
5485,Itarana,Não,"3202900",,31984
5486,Atílio Vivácqua,Não,"3200706",,31984
5487,Divino de São Lourenço,Não,"3201803",,31984
5488,Jaguaré,Não,"3203056",,31984
5489,Sooretama,Não,"3205010",,31984
5490,Iúna,Não,"3203007",,31984
5491,Muniz Freire,Não,"3203700",,31984
5492,Muqui,Não,"3203809",,31984
5493,Viana,Não,"3205101",,31984
5494,Montanha,Não,"3203502",,31984
5495,São Mateus,Não,"3204906",,31984
5496,Pinheiros,Não,"3204104",,31984
5497,Brejetuba,Não,"3201159",,31984
5498,Ibatiba,Não,"3202454",,31984
5499,São Roque do Canaã,Não,"3204955",,31984
5500,Itaguaçu,Não,"3202702",,31984
5501,Serra,Não,"3205002",,31984
5502,Iconha,Não,"3202603",,31984
5503,Guarapari,Não,"3202405",,31984
5504,Cariacica,Não,"3201308",,31984
5505,São Gabriel da Palha,Não,"3204708",,31984
5506,Pedro Canário,Não,"3204054",,31984
5507,Linhares,Não,"3203205",,31984
5508,Vila Pavão,Não,"3205150",,31984
5509,Vila Velha,Não,"3205200",,31984
5510,Jerônimo Monteiro,Não,"3203106",,31984
5511,Marataízes,Não,"3203320",,31984
5512,Apiacá,Não,"3200508",,31984
5513,Água Doce do Norte,Não,"3200169",,31984
5514,Águia Branca,Não,"3200136",,31984
5515,Alfredo Chaves,Não,"3200300",,31984
5516,Alto Rio Novo,Não,"3200359",,31984
5517,Afonso Cláudio,Não,"3200102",,31984
5518,Alegre,Não,"3200201",,31984
5519,Aracruz,Não,"3200607",,31984
5520,Anchieta,Não,"3200409",,31984
5521,Mantenópolis,Não,"3203304",,31984
5522,Governador Lindenberg,Não,"3202256",,31984
5523,Conceição da Barra,Não,"3201605",,31984
5524,Boa Esperança,Não,"3201001",,31984
5525,Ecoporanga,Não,"3202108",,31984
5526,Barra de São Francisco,Não,"3200904",,31984
5527,Colatina,Não,"3201506",,31984
5528,São Domingos do Norte,Não,"3204658",,31984
5529,Conceição do Castelo,Não,"3201704",,31984
5530,Dores do Rio Preto,Não,"3202009",,31984
5531,Venda Nova do Imigrante,Não,"3205069",,31984
5532,Vargem Alta,Não,"3205036",,31984
5533,Rio Novo do Sul,Não,"3204401",,31984
5534,Presidente Kennedy,Não,"3204302",,31984
5535,Mimoso do Sul,Não,"3203403",,31984
5536,Bom Jesus do Norte,Não,"3201100",,31984
5537,Guaçuí,Não,"3202306",,31984
5538,Pancas,Não,"3204005",,31984
5539,Marilândia,Não,"3203353",,31984
5540,Marechal Floriano,Não,"3203346",,31984
5541,Laranja da Terra,Não,"3203163",,31984
5542,Ibitirama,Não,"3202553",,31984
5543,Vila Valério,Não,"3205176",,31984
5544,Boa Vista,Não,"1400100",,31974
5545,Belo Horizonte,Não,"3106200",,31983
5546,Rio Branco,Não,"1200401",,31979
5547,Palmas,Não,"1721000",,31982
5548,Rio de Janeiro,Não,"3304557",,31983
5549,João Pessoa,Não,"2507507",,31985
5550,Natal,Não,"2408102",,31985
5551,Campo Grande,Não,"5002704",,31981
5552,São Paulo,Não,"3550308",,31983
5553,Curitiba,Não,"4106902",,31982
5554,Aracaju,Não,"2800308",,31984
5555,Belém,Não,"1501402",,31982
5556,São Luís,Não,"2111300",,31983
5557,Salvador,Não,"2927408",,31984
5558,Teresina,Não,"2211001",,31983
5559,Porto Alegre,Não,"4314902",,31982
5560,Florianópolis,Não,"4205407",,31982
5561,Porto Velho,Não,"1100205",,31980
5562,Manaus,Não,"1302603",,31980
5563,Macapá,Não,"1600303",,31976
5564,Cuiabá,Não,"5103403",,31981
5565,Recife,Não,"2611606",,31985
5566,Maceió,Não,"2704302",,31985
5567,Goiânia,Não,"5208707",,31982
5568,Brasília,Não,"5300108",,31983
5569,Fortaleza,Não,"2304400",,31984
5570,Vitória,Não,"3205309",,31984
5571,Mineiros,Não,"5213103",,31982
